n,d,is_int8,flops,memory_bytes,arithmetic_intensity,aspect_ratio,score_matrix_size,pad_overhead_n,pad_overhead_d,latency_gpu,latency_npu,latency_gpu_fused,latency_npu_fused,gpu_qkv,npu_qkv,gpu_qk,npu_qk,gpu_sm,npu_sm,gpu_av,npu_av,gpu_attn_fused,npu_attn_fused,best_device_class,speedup_ratio
1,32,0,4224,6466,0.6532632230126817,0.03125,1,0.96875,0.0,1.7783021926879883,0.8937179334073638,0.42417049407958984,1.1914823534122356,0.16818523406982422,0.07076403320146103,0.16942501068115234,0.04212729982100427,1.2764930725097656,0.7084528333507478,0.1641988754272461,0.07237376703415066,0.2559852600097656,1.1207183202107747,0,0.3560023300931197
1,32,1,4224,3233,1.3065264460253634,0.03125,1,0.96875,0.0,2.629246711730957,0.6931802995192508,0.6761550903320312,0.9016670015019674,0.3631019592285156,0.038432799434910216,0.18317222595214844,0.03551606690355887,1.7329740524291992,0.34658526613687474,0.34999847412109375,0.27264616704390693,0.3130531311035156,0.8632342020670573,0,0.7498944612653166
1,64,0,16640,25218,0.6598461416448569,0.015625,1,0.96875,0.0,1.956167221069336,1.5615935000823813,0.46569347381591797,0.9489367114535222,0.17293453216552734,0.10217723320238292,0.24700641632080078,0.11977063356122623,1.363224983215332,1.2603105666736762,0.17300128936767578,0.07933506664509575,0.2927589416503906,0.8467594782511393,0,0.4907529324085246
1,64,1,16640,12609,1.3196922832897138,0.015625,1,0.96875,0.0,2.5025177001953125,0.9031695333154252,0.5153131484985352,1.2460377290456868,0.21182537078857422,0.04486903296007464,0.2003765106201172,0.04307036676133672,1.841292381286621,0.5758541335429376,0.2490234375,0.2393760000510762,0.30348777770996094,1.201168696085612,0,0.41356143276111096
1,128,0,66048,99586,0.6632257546241439,0.0078125,1,0.96875,0.0,1.9883489608764648,0.9424050678110992,0.520939826965332,1.0364637263895322,0.2504396438598633,0.1293764003397276,0.2878999710083008,0.04028003313578665,1.2772846221923828,0.6812605337472633,0.17272472381591797,0.09148810058832169,0.27050018310546875,0.9070873260498047,0,0.5026126951687918
1,128,1,66048,49793,1.3264515092482878,0.0078125,1,0.96875,0.0,2.091512680053711,0.8784065013363337,0.5634880065917969,1.0945847257971764,0.23908138275146484,0.09896463404099147,0.21526336669921875,0.18012749981911233,1.4508867263793945,0.47770616656634957,0.1862812042236328,0.1216082009098803,0.32440662384033203,0.9956200917561849,0,0.5147961535653748
1,256,0,263168,395778,0.6649384250766844,0.00390625,1,0.96875,0.0,2.279934883117676,0.9125419329696645,0.6939315795898438,1.0984223277773708,0.35275936126708984,0.1811386338279893,0.2331686019897461,0.08516849969358493,1.3206958770751953,0.5363712999193618,0.37331104278564453,0.10986349952872843,0.3411722183227539,0.9172836939493815,0,0.631752980653622
1,256,1,263168,197889,1.3298768501533689,0.00390625,1,0.96875,0.0,2.534933090209961,1.028594466818807,0.7380914688110352,1.044712854976145,0.3078460693359375,0.13365983322728425,0.2744007110595703,0.09442426671739668,1.7197322845458984,0.723897599770377,0.2329540252685547,0.07661276710374902,0.43024539947509766,0.9110530217488607,0,0.7065017581581197
1,384,0,591360,888578,0.6655127630888903,0.0026041666666666665,1,0.96875,0.0,2.4407434463500977,1.0767621347137417,0.7865810394287109,1.1573231876051675,0.3752565383911133,0.20273493331236145,0.31531333923339844,0.10181330047392596,1.5869426727294922,0.6695061339996755,0.16323089599609375,0.10270776692777872,0.41132450103759766,0.954588254292806,0,0.6796554738148571
1,384,1,591360,444289,1.3310255261777806,0.0026041666666666665,1,0.96875,0.0,2.102522850036621,1.0002966329921037,0.7715702056884766,0.9338511998066679,0.3856182098388672,0.2004279667744413,0.2618551254272461,0.10222166602034122,1.259312629699707,0.4201257329744597,0.19573688507080078,0.27752126722286147,0.3859519958496094,0.7334232330322266,0,0.826223927161214
1,512,0,1050624,1577986,0.6658005837821122,0.001953125,1,0.96875,0.0,3.120708465576172,0.9880866341215248,0.7870149612426758,1.356247397294889,0.4696512222290039,0.23985240065182248,0.5471992492675781,0.03771329938899726,1.8093395233154297,0.6188870000187308,0.29451847076416016,0.09163393406197429,0.3173637390136719,1.1163949966430664,0,0.580288642627017
1,512,1,1050624,788993,1.3316011675642243,0.001953125,1,0.96875,0.0,2.1343421936035156,0.9306408998478825,0.8367776870727539,1.153752754908055,0.4308795928955078,0.14201556720460454,0.27477264404296875,0.031607632990926504,1.2396812438964844,0.673433966585435,0.1890087127685547,0.08358373306691647,0.4058980941772461,1.0117371877034504,0,0.7252660359969745
1,768,0,2362368,3546626,0.666088840492344,0.0013020833333333333,1,0.96875,0.0,2.416234016418457,1.4991212335492794,1.0922622680664062,1.6313816003579027,0.6905508041381836,0.582101433731926,0.2797079086303711,0.12021786727321644,1.2857389450073242,0.699762332563599,0.16023635864257812,0.09703959998053809,0.40171146392822266,1.0492801666259766,0,0.6695320505188846
1,768,1,2362368,1773313,1.332177680984688,0.0013020833333333333,1,0.96875,0.0,2.3715686798095703,0.8877261347758274,1.0771465301513672,1.466714955555896,0.5970048904418945,0.2788976998999715,0.3539419174194336,0.04087310032142947,1.2595272064208984,0.38466803380288184,0.16109466552734375,0.18328730075154454,0.48014163970947266,1.1878172556559246,0,0.7343939093762909
1,1024,0,4198400,6301698,0.6662331327207366,0.0009765625,1,0.96875,0.0,3.2300233840942383,1.9140968661910545,1.460270881652832,2.671461656185177,1.0471820831298828,1.0631534998537973,0.4803466796875,0.1121677002326275,1.384134292602539,0.4648461666268607,0.3183603286743164,0.27392949947776896,0.4130887985229492,1.6083081563313801,0,0.5466186940291277
1,1024,1,4198400,3150849,1.3324662654414732,0.0009765625,1,0.96875,0.0,2.889523506164551,1.631907432844552,1.432938575744629,1.2332230437702187,0.9525012969970703,0.47279493301175535,0.4471111297607422,0.12570133355135718,1.2910795211791992,0.7519856667689359,0.19883155822753906,0.28142549951250356,0.4804372787475586,0.7604281107584635,1,1.1619459942654318
1,1536,0,9443328,14171138,0.6663775343942032,0.0006510416666666666,1,0.96875,0.0,5.1776123046875,2.8729245338278515,2.1828126907348633,3.6672655696747825,1.7286300659179688,2.2633377666352317,0.5013418197631836,0.03946336704151084,2.5847911834716797,0.3635800666719054,0.36284923553466797,0.20654333347920328,0.45418262481689453,1.4039278030395508,0,0.5952153312225048
1,1536,1,9443328,7085569,1.3327550687884064,0.0006510416666666666,1,0.96875,0.0,3.583054542541504,1.9990722998045385,2.078704833984375,2.0744711810645335,1.4737939834594727,1.232551599969156,0.5224943161010742,0.13386539940256625,1.3749027252197266,0.4705656998946021,0.21186351776123047,0.16208960053821406,0.6049108505249023,0.8419195810953776,1,1.0020408347720062
1,2048,0,16785408,25186306,0.6664497763189251,0.00048828125,1,0.96875,0.0,4.7727251052856445,4.934241300603995,3.430619239807129,4.416792984314573,2.9250621795654297,3.7625326668300354,0.45214176177978516,0.04505376661351571,1.2401199340820312,0.9402369672898203,0.15540122985839844,0.18641789987062415,0.5055570602416992,0.6542603174845377,0,0.7767217644092311
1,2048,1,16785408,12593153,1.3328995526378502,0.00048828125,1,0.96875,0.0,4.733638763427734,2.705581998452544,3.129725456237793,2.893534865385542,2.3215770721435547,1.8956895335577428,0.6358861923217773,0.04926356583988915,1.577286720275879,0.6058574993706619,0.19888877868652344,0.15477139968425035,0.8081483840942383,0.9978453318277994,1,1.0816270070486191
1,4096,0,67125248,100704258,0.6665581906179181,0.000244140625,1,0.96875,0.0,9.819965362548828,11.832445700808119,9.015569686889648,12.05064258344161,7.910671234130859,10.882327967556193,0.32523632049560547,0.0676681336093073,1.326913833618164,0.5320698333283266,0.2571439743041992,0.35037976631429046,1.104898452758789,1.1683146158854167,0,0.7481401613618219
1,4096,1,67125248,50352129,1.3331163812358362,0.000244140625,1,0.96875,0.0,6.106472015380859,7.859609933802859,5.12392520904541,8.191278389616249,3.932218551635742,7.1405041332279025,0.7394886016845703,0.0642847337682421,1.261458396911621,0.3751747669108833,0.17330646514892578,0.27964629989583045,1.191706657409668,1.0507742563883464,0,0.6255342530588146
1,33,0,4488,6866,0.6536556947276435,0.030303030303030304,1,0.96875,0.484375,2.247939109802246,0.8740536005158598,0.382232666015625,1.3308262646508713,0.14959335327148438,0.10423420074706276,0.22540569305419922,0.05706373291711012,1.593790054321289,0.6424721999792382,0.27915000915527344,0.07028346687244873,0.23263931274414062,1.2265920639038086,0,0.28721454946329894
1,33,1,4488,3433,1.307311389455287,0.030303030303030304,1,0.96875,0.484375,2.248387336730957,0.8205107675166801,0.8574771881103516,0.9077508225648975,0.5415487289428711,0.07693359996968259,0.18322467803955078,0.05005106698566427,1.3195180892944336,0.4522639336452509,0.20409584045410156,0.2412621669160823,0.31592845916748047,0.8308172225952148,0,0.9446173628215558
1,65,0,17160,26002,0.6599492346742558,0.015384615384615385,1,0.96875,0.3229166666666667,1.9161176681518555,0.8188523672288284,0.46569347381591797,0.9858609293587506,0.20664691925048828,0.09371450093264382,0.25289058685302734,0.07819056627340615,1.2883329391479492,0.36594956667007256,0.16824722290039062,0.28099773335270584,0.2590465545654297,0.8921464284261068,0,0.4723723802695239
1,65,1,17160,13001,1.3198984693485116,0.015384615384615385,1,0.96875,0.3229166666666667,2.4563980102539062,0.748330067532758,0.6868124008178711,0.9313353395555168,0.20539283752441406,0.03399933339096606,0.19171714782714844,0.029050633505297203,1.7119264602661133,0.6136160334184145,0.34736156463623047,0.07166406721808016,0.48141956329345703,0.8973360061645508,0,0.7374490923383782
1,129,0,67080,101138,0.6632521900769246,0.007751937984496124,1,0.96875,0.19375,1.9976234436035156,0.7730944324672844,0.4654550552368164,0.8003987633856013,0.20515918731689453,0.06735700007993728,0.27396678924560547,0.05387199926190078,1.3408946990966797,0.4033406332988913,0.17760276794433594,0.24852479982655495,0.2602958679199219,0.7330417633056641,0,0.5815289534781278
1,129,1,67080,50569,1.3265043801538492,0.007751937984496124,1,0.96875,0.19375,2.2087764739990234,0.7987853003821025,0.735015869140625,1.5730016496187698,0.4166603088378906,0.12733470066450536,0.2315998077392578,0.06700700032524765,1.2981224060058594,0.48824110029575724,0.2623939514160156,0.11620249909659226,0.3183555603027344,1.4456669489542644,0,0.4672696111404348
1,257,0,265224,398866,0.6649451194135374,0.0038910505836575876,1,0.96875,0.1076388888888889,2.3257923126220703,0.8242636346646275,0.7092618942260742,1.0972976985309892,0.42353153228759766,0.13898216711822897,0.3455162048339844,0.06492640047023694,1.3107538223266602,0.3653106667722265,0.24599075317382812,0.255044400303935,0.28573036193847656,0.9583155314127604,0,0.6463714406542553
1,257,1,265224,199433,1.3298902388270748,0.0038910505836575876,1,0.96875,0.1076388888888889,2.6514196395874023,1.1922535341000182,0.7812309265136719,1.104429024659718,0.4169654846191406,0.14072523335926235,0.22909164428710938,0.09482706664130092,1.796722412109375,0.818720466728943,0.20864009857177734,0.1379807673705121,0.36426544189453125,0.9637037913004557,0,0.7073618214211406
1,385,0,594440,893202,0.6655157511962579,0.0025974025974025974,1,0.96875,0.07451923076923077,2.3178577423095703,0.8188676661423718,0.6867265701293945,1.244263892294839,0.3977346420288086,0.2076516995051255,0.26422977447509766,0.12187346680245052,1.3525152206420898,0.35758410037184757,0.3033781051635742,0.13175839946294823,0.28899192810058594,1.0366121927897136,0,0.5519139262836286
1,385,1,594440,446601,1.3310315023925159,0.0025974025974025974,1,0.96875,0.07451923076923077,2.248544692993164,1.0229012317722663,1.1786746978759766,1.0881503782002255,0.5287885665893555,0.18936796598912528,0.28574466705322266,0.09518263298862924,1.269083023071289,0.601329633112376,0.16492843627929688,0.13702099968213588,0.6498861312866211,0.8987824122111002,1,1.0831910014362869
1,513,0,1054728,1584146,0.6658022682252772,0.001949317738791423,1,0.96875,0.05698529411764706,2.887592315673828,0.7877503337416176,0.7471561431884766,1.280312354598815,0.4223060607910156,0.2582278005623569,0.2537822723388672,0.03729526652023196,1.908583641052246,0.22313260027052215,0.3029203414916992,0.2690946663885067,0.32485008239746094,1.0220845540364583,0,0.5835733291994963
1,513,1,1054728,792073,1.3316045364505544,0.001949317738791423,1,0.96875,0.05698529411764706,2.389349937438965,0.7587677333503962,0.9974527359008789,1.193549710054261,0.5943727493286133,0.15201019996311516,0.264739990234375,0.03522436697191248,1.3431549072265625,0.4783144996811946,0.18708229064941406,0.0932186667341739,0.4030799865722656,1.0415395100911458,0,0.835702717279813
1,769,0,2368520,3555858,0.6660895907541865,0.0013003901170351106,1,0.96875,0.03875,2.6886463165283203,1.6348893996716167,1.0694026947021484,1.918029879258635,0.6808185577392578,0.6031990992293382,0.40976524353027344,0.11181073399105419,1.3613033294677734,0.816802333186691,0.23675918579101562,0.10307723326453318,0.3885841369628906,1.3148307800292969,0,0.5575526774981725
1,769,1,2368520,1777929,1.332179181508373,0.0013003901170351106,1,0.96875,0.03875,3.384380340576172,1.2861444323789328,1.2396717071533203,1.38427076744847,0.7840061187744141,0.29126463341526687,0.44792652130126953,0.04484956637800982,1.9595098495483398,0.64673896607322,0.19293785095214844,0.30329126651243615,0.45566558837890625,1.0930061340332031,0,0.8955413466097539
1,1025,0,4206600,6314002,0.6662335552000141,0.000975609756097561,1,0.96875,0.029356060606060608,3.2024717330932617,1.8252796668093654,1.5654993057250977,2.3276213013256593,1.1468029022216797,1.117146333369116,0.4072856903076172,0.1109718665247783,1.4673614501953125,0.48882443322024,0.18102169036865234,0.10833703369523089,0.41869640350341797,1.210474967956543,0,0.6725747460866992
1,1025,1,4206600,3157001,1.3324671104000283,0.000975609756097561,1,0.96875,0.029356060606060608,2.8999805450439453,1.760505966376513,1.5218782424926758,1.7623175032592067,0.9721708297729492,0.553702200219656,0.3852987289428711,0.16727443338216594,1.302638053894043,0.7167668324351931,0.23987293243408203,0.3227625003394981,0.5497074127197266,1.2086153030395508,0,0.863566434355974
1,1537,0,9455624,14189586,0.666377722366248,0.0006506180871828237,1,0.96875,0.019770408163265307,4.416217803955078,3.4454604649605853,2.8093433380126953,2.840103328344412,2.271237373352051,2.3142790994218863,0.5364608764648438,0.08836716588120908,1.309823989868164,0.8982318996762236,0.29869556427001953,0.14458229998126626,0.5381059646606445,0.525824228922526,0,0.9891694115405133
1,1537,1,9455624,7094793,1.332755444732496,0.0006506180871828237,1,0.96875,0.019770408163265307,3.7995243072509766,1.953615768191715,2.127251625061035,2.2764181126452363,1.6585922241210938,0.9704167673286671,0.44194698333740234,0.24732480039043972,1.544489860534668,0.5814292002469301,0.1544952392578125,0.1544450002256781,0.4686594009399414,1.306001345316569,0,0.9344731590582597
1,2049,0,16801800,25210898,0.6664498821105064,0.0004880429477794046,1,0.96875,0.014903846153846155,5.6735992431640625,4.0732586998880524,3.3533573150634766,4.751720343483612,2.304501533508301,3.270703866534556,0.8687400817871094,0.04551069966206948,2.3218441009521484,0.43246906619363773,0.1785135269165039,0.32457506749778986,1.0488557815551758,1.481016476949056,0,0.705714367147508
1,2049,1,16801800,12605449,1.3328997642210128,0.0004880429477794046,1,0.96875,0.014903846153846155,4.870319366455078,2.8643451330329603,2.813873291015625,3.946179984874713,2.067422866821289,2.088128366934446,0.5908536911010742,0.10015079945636292,1.9703149795532227,0.42721059968850267,0.2417278289794922,0.24885536695364863,0.7464504241943359,1.8580516179402669,0,0.7130625824977322
1,4097,0,67158024,100753426,0.6665582170873277,0.000244081034903588,1,0.96875,0.0075096899224806205,11.17825984954834,13.107228499332754,10.250105857849121,13.997236111511787,9.3341064453125,12.015302199870348,0.36907196044921875,0.06849453299461554,1.1763811111450195,0.775247267059361,0.29870033264160156,0.24818449940842888,0.9159994125366211,1.9819339116414387,0,0.7322949885384228
1,4097,1,67158024,50376713,1.3331164341746553,0.000244081034903588,1,0.96875,0.0075096899224806205,5.845179557800293,7.523249733882645,5.104374885559082,7.357834015662471,4.037542343139648,6.752958133195837,0.3507423400878906,0.12027620008060087,1.2619256973266602,0.33954900087943923,0.19496917724609375,0.3104663997267683,1.0668325424194336,0.6048758824666342,0,0.6937333561335447
32,32,0,262144,18432,14.222222222222221,1.0,1024,0.0,0.0,1.743783950805664,1.3592889998108149,0.3947305679321289,1.3617647142382339,0.15807151794433594,0.09808266671219219,0.15816211700439453,0.19131800023994097,1.262369155883789,0.9066292666830122,0.16518115997314453,0.16325906617566943,0.23665904998779297,1.2636820475260417,0,0.2898669379555335
32,32,1,262144,9216,28.444444444444443,1.0,1024,0.0,0.0,2.3591041564941406,1.1982050336276493,0.7799196243286133,1.3514272752217948,0.3537559509277344,0.1712314668111503,0.21292686462402344,0.06972929986659437,1.5620183944702148,0.5831084000722816,0.23040294647216797,0.3741358668776229,0.4261636734008789,1.1801958084106445,0,0.5771080979556327
32,64,0,786432,47104,16.695652173913043,0.5,1024,0.0,0.0,2.4801111221313477,1.4562869347476712,0.6210613250732422,1.647352678507256,0.1931905746459961,0.26009033414690447,0.26058197021484375,0.16165210011725625,1.555013656616211,0.8630602669048434,0.4713249206542969,0.17148423357866704,0.4278707504272461,1.3872623443603516,0,0.37700568504615245
32,64,1,786432,23552,33.391304347826086,0.5,1024,0.0,0.0,3.3002424240112305,1.1712224998821814,1.058201789855957,1.4188445755280554,0.5039358139038086,0.17832886660471559,0.2231311798095703,0.08205733320210129,2.1391773223876953,0.7088624998383845,0.43399810791015625,0.2019738002369801,0.5542659759521484,1.2405157089233398,0,0.7458193857929245
32,128,0,2621440,141312,18.55072463768116,0.25,1024,0.0,0.0,3.2230567932128906,1.7915538997234157,0.7255697250366211,2.5051286017211774,0.3502655029296875,0.5378574326944848,0.3549051284790039,0.24060239957179874,2.287588119506836,0.734815833857283,0.23029804229736328,0.27827823359984905,0.3753042221069336,1.9672711690266926,0,0.289633723609283
32,128,1,2621440,70656,37.10144927536232,0.25,1024,0.0,0.0,2.8348255157470703,1.3986496002568554,0.8893918991088867,1.2026482164704553,0.4287242889404297,0.4116866330150515,0.23093223571777344,0.09455066659332563,1.7046546936035156,0.5321864669288819,0.47051429748535156,0.36022583371959627,0.46066761016845703,0.7909615834554037,0,0.7395278909730424
32,256,0,9437184,477184,19.776824034334766,0.125,1024,0.0,0.0,2.726621627807617,1.7465668342386684,1.1081695556640625,2.9798424133332446,0.5352449417114258,0.48449793345450115,0.25000572204589844,0.2606875670608133,1.7513418197631836,0.4655100667150691,0.19002914428710938,0.5358712670082847,0.5729246139526367,2.4953444798787436,0,0.37188864441474495
32,256,1,9437184,238592,39.55364806866953,0.125,1024,0.0,0.0,2.9320621490478516,2.2156602673931047,1.087355613708496,3.007095212039227,0.5283498764038086,0.6403457664418966,0.4472064971923828,0.166555000275063,1.7016792297363281,0.9181031006543586,0.25482654571533203,0.4906564000217865,0.5590057373046875,2.3667494455973306,0,0.3615966695551081
32,384,0,20447232,1009664,20.251521298174442,0.08333333333333333,1024,0.0,0.0,3.993086814880371,2.567281733111789,1.7203283309936523,4.251186167433238,1.1980485916137695,0.6977400335017592,0.5537557601928711,0.30964973363249254,1.8288707733154297,1.046318399797504,0.4124116897583008,0.513573566180033,0.5222797393798828,3.553446133931478,0,0.4046701939737315
32,384,1,20447232,504832,40.503042596348884,0.08333333333333333,1024,0.0,0.0,2.996354103088379,2.4319704990678774,1.4556264877319336,4.600905137097774,0.6994915008544922,0.8548406331101432,0.35686492919921875,0.1977153995539993,1.6089820861816406,0.7687054671502361,0.33101558685302734,0.610708999253499,0.7561349868774414,3.7460645039876304,0,0.31637828739284435
32,512,0,35651584,1738752,20.50412249705536,0.0625,1024,0.0,0.0,4.118342399597168,3.826168565622841,1.7353057861328125,5.779710284938725,1.1706924438476562,1.2131997665467982,0.5833244323730469,0.8542975663052251,2.002711296081543,0.7650581663862491,0.3616142272949219,0.9936130663845688,0.5646133422851562,4.566510518391927,0,0.30024096374775466
32,512,1,35651584,869376,41.00824499411072,0.0625,1024,0.0,0.0,3.4799814224243164,3.6349977987507978,1.4879369735717773,5.564853695492881,0.8441877365112305,1.4101317996392027,0.4375123977661133,0.51580416620709,1.8986225128173828,0.7633317329843218,0.29965877532958984,0.9457300999201834,0.6437492370605469,4.154721895853679,0,0.267381148722184
32,768,0,78643200,3786752,20.767982693347754,0.041666666666666664,1024,0.0,0.0,5.555486679077148,3.96693276707083,3.7104034423828125,4.8368767980718985,2.950105667114258,1.8340742671474193,0.6548070907592773,0.3230014330862711,1.6501379013061523,0.8685701002832502,0.30043601989746094,0.9412869665538892,0.7602977752685547,3.002802530924479,0,0.7671072878808642
32,768,1,78643200,1893376,41.53596538669551,0.041666666666666664,1024,0.0,0.0,4.764547348022461,3.299307233343522,2.510061264038086,4.760016595052244,1.7577552795410156,1.8104529328411445,0.6537532806396484,0.34557410011378425,2.089071273803711,0.5957670005348822,0.26396751403808594,0.5475131998537108,0.7523059844970703,2.9495636622111,0,0.5273219565341739
32,1024,0,138412032,6621184,20.904423136405814,0.03125,1024,0.0,0.0,7.479290962219238,5.6308616340781255,5.477004051208496,8.480513890390284,4.6450090408325195,2.9759613670952,1.2938737869262695,0.7989964001656821,1.3074398040771484,0.646045867082042,0.23296833038330078,1.2098579997352015,0.8319950103759766,5.504552523295085,0,0.6458339815249612
32,1024,1,138412032,3310592,41.80884627281163,0.03125,1024,0.0,0.0,4.82945442199707,5.912053766466367,3.072066307067871,7.219573511004759,2.210831642150879,2.902623666644407,0.6592464447021484,0.4192187334410846,1.6739511489868164,0.8101410669041798,0.28542518615722656,1.7800702994766955,0.8612346649169922,4.316949844360352,0,0.4255190839715305
32,1536,0,308281344,14649344,21.04403746679715,0.020833333333333332,1024,0.0,0.0,11.947216987609863,7.688482398710524,10.376720428466797,11.179717548657209,8.642020225524902,5.670213866202782,1.7195510864257812,0.5306503328029066,1.3050270080566406,0.6924732665841778,0.28061866760253906,0.795144933120658,1.7347002029418945,5.509503682454427,0,0.9281737560277755
32,1536,1,308281344,7324672,42.0880749335943,0.020833333333333332,1024,0.0,0.0,7.238702774047852,8.735625733970664,5.483770370483398,10.187403599654015,4.301018714904785,5.72054410004057,0.7930946350097656,0.4673669997525091,1.7005729675292969,0.7639595336513594,0.4440164566040039,1.783755100526226,1.1827516555786133,4.466859499613444,0,0.5382893017676887
32,2048,0,545259520,25823232,21.11507653263542,0.015625,1024,0.0,0.0,9.580235481262207,10.471074233646503,9.30549144744873,14.65924899384845,7.222995758056641,7.0646397332893685,0.7914829254150391,0.5999323669432973,1.2590360641479492,0.40187253325711936,0.3067207336425781,2.4046296001567193,2.08249568939209,7.594609260559082,0,0.6347863694349998
32,2048,1,545259520,12911616,42.23015306527084,0.015625,1024,0.0,0.0,8.313241004943848,10.811639934157332,6.157240867614746,11.812499707836349,4.855690002441406,6.244504000642337,1.1312103271484375,0.5714262001371632,1.844038963317871,0.6632976330971966,0.4823017120361328,3.332412100280635,1.3015508651733398,5.567995707194011,0,0.5212479170289473
32,4096,0,2164260864,101976064,21.223224147972605,0.0078125,1024,0.0,0.0,24.344372749328613,36.76678230015872,23.896026611328125,46.02694106967344,20.816211700439453,32.57669203352028,1.470484733581543,1.4082067335645359,1.389164924621582,0.6573863667047893,0.6685113906860352,2.1244971663691103,3.079814910888672,13.450249036153158,0,0.5191747714703749
32,4096,1,2164260864,50988032,42.44644829594521,0.0078125,1024,0.0,0.0,23.914847373962402,23.517909332682997,23.504056930541992,29.411070696854342,21.558098793029785,18.926852099442232,0.6700801849365234,1.0905457330712427,1.334371566772461,0.5727081666312491,0.3522968292236328,2.927803333538274,1.945958137512207,10.48421859741211,0,0.7991567927874135
32,33,0,274560,19142,14.343328805767422,0.9696969696969697,1024,0.0,0.484375,2.2411584854125977,1.1073071674521393,0.7287693023681641,1.5752274416930352,0.18772602081298828,0.256526333396323,0.25890350341796875,0.17094953412500521,1.6423654556274414,0.4037239666407307,0.15216350555419922,0.27610733329008025,0.5410432815551758,1.3187011082967122,0,0.46264385896229165
32,33,1,274560,9571,28.686657611534844,0.9696969696969697,1024,0.0,0.484375,2.90804386138916,1.1990633017073076,0.8676767349243164,1.5514089425172035,0.39873600006103516,0.21601853368338197,0.23361682891845703,0.12824860071608177,2.0043563842773438,0.6923246333220353,0.2713346481323242,0.1624715339858085,0.46894073486328125,1.3353904088338215,0,0.5592830562884903
32,65,0,807040,48198,16.744263247437654,0.49230769230769234,1024,0.0,0.3229166666666667,2.217893600463867,1.4335113994699593,0.6872415542602539,2.029852126725018,0.3540658950805664,0.24063989985734224,0.3090858459472656,0.15516026663438728,1.3797473907470703,0.6521390333849316,0.17499446868896484,0.38557219959329814,0.3331756591796875,1.7892122268676758,0,0.3385673001555319
32,65,1,807040,24099,33.48852649487531,0.49230769230769234,1024,0.0,0.3229166666666667,2.6844358444213867,1.6556648003946368,0.65582275390625,1.6852144743703927,0.23949623107910156,0.25299433327745646,0.21505355834960938,0.13955576675167927,1.7599201202392578,1.0023243667092174,0.46996593475341797,0.26079033365628373,0.41632652282714844,1.4322201410929363,0,0.38916278247091945
32,129,0,2658432,143174,18.567840529705116,0.24806201550387597,1024,0.0,0.19375,2.8368520736694336,1.9332916330313308,0.6794404983520508,2.9538265914501003,0.3029012680053711,0.728157366393134,0.23306846618652344,0.16535909962840378,1.981058120727539,0.6015407338660831,0.31982421875,0.4382344331437101,0.3765392303466797,2.2256692250569663,0,0.23002044206613295
32,129,1,2658432,71587,37.13568105941023,0.24806201550387597,1024,0.0,0.19375,2.687983512878418,1.453549333382398,0.8879566192626953,2.6100259351854525,0.43349266052246094,0.4354816007738312,0.2551603317260742,0.09886740008369088,1.7846012115478516,0.5932655330980197,0.21472930908203125,0.32593479942685616,0.4544639587402344,2.174544334411621,0,0.34020988346983705
32,257,0,9506944,480582,19.78214747951442,0.1245136186770428,1024,0.0,0.1076388888888889,2.834453582763672,1.4886681999390325,1.1901140213012695,3.117500343554032,0.7715511322021484,0.4632419334181274,0.44725894927978516,0.14007106656208634,1.4154767990112305,0.4268022671264286,0.2001667022705078,0.45855293283239007,0.4185628890991211,2.654258410135905,0,0.3817526512104593
32,257,1,9506944,240291,39.56429495902884,0.1245136186770428,1024,0.0,0.1076388888888889,2.757401466369629,1.941218199984481,1.1267280578613281,3.639251587446779,0.6016778945922852,0.6263162669104835,0.30551910400390625,0.1359487670318534,1.6200876235961914,0.7041679326600084,0.2301168441772461,0.47478523338213563,0.525050163269043,3.0129353205362954,0,0.3096043323159794
32,385,0,20549760,1014598,20.254090782753366,0.08311688311688312,1024,0.0,0.07451923076923077,3.2988977432250977,2.282531067612581,1.5484189987182617,4.257488144018377,0.9493780136108398,0.7350602672280123,0.48429012298583984,0.2515873668016866,1.6116046905517578,0.9695361329553028,0.25362491607666016,0.3263473006275793,0.5990409851074219,3.5224278767903647,0,0.3636930852981321
32,385,1,20549760,507299,40.50818156550673,0.08311688311688312,1024,0.0,0.07451923076923077,3.235750198364258,2.670242200838402,1.3000726699829102,4.647776966642899,0.7635402679443359,0.9812489006435499,0.42586326599121094,0.17241760021230826,1.7953729629516602,0.7301184998747582,0.2509737014770508,0.7864572001077855,0.5365324020385742,3.666528065999349,0,0.2797192462791423
32,513,0,35786880,1745222,20.50563194825644,0.06237816764132553,1024,0.0,0.05698529411764706,2.6922082901000977,2.4694781672830386,1.0759162902832031,5.522725090850145,0.5267715454101562,1.1996160998630028,0.2603769302368164,0.32189026727185893,1.4957571029663086,0.4434984332571427,0.4093027114868164,0.504473366891034,0.5491447448730469,4.323108990987142,0,0.19481619537169126
32,513,1,35786880,872611,41.01126389651288,0.06237816764132553,1024,0.0,0.05698529411764706,3.0158472061157227,2.701412300424029,1.4891767501831055,6.19459884474054,0.8230924606323242,1.2896611005999148,0.39830684661865234,0.25963753287214786,1.5054559707641602,0.6507084336287031,0.28899192810058594,0.5014052333232636,0.6660842895507812,4.904937744140625,0,0.24039922317931461
32,769,0,78844032,3796294,20.768684406423738,0.04161248374512354,1024,0.0,0.03875,6.431493759155273,3.651589766377583,3.8482046127319336,9.514478558169989,3.092508316040039,1.946508600182521,0.6478548049926758,0.3531575998446594,2.36508846282959,0.9498107334366068,0.32604217529296875,0.4021128329137961,0.7556962966918945,7.567969957987468,0,0.40445775238281645
32,769,1,78844032,1898147,41.537368812847475,0.04161248374512354,1024,0.0,0.03875,4.554557800292969,2.9568317336573577,2.5278806686401367,5.50028726089901,1.7866945266723633,1.8222753666729357,0.5557632446289062,0.3328085333729784,1.7184686660766602,0.2713197337773939,0.49363136291503906,0.5304280998340497,0.7411861419677734,3.678011894226074,0,0.4595906629478403
32,1025,0,138678400,6633798,20.904827068897788,0.03121951219512195,1024,0.0,0.029356060606060608,6.357593536376953,5.535281666864951,4.824728965759277,7.774717696399117,4.104218482971191,3.6103319008058556,0.7181739807128906,1.024472066395295,1.3174867630004883,0.37871786626055837,0.2177143096923828,0.5217598334032422,0.7205104827880859,4.164385795593262,0,0.6205664506627507
32,1025,1,138678400,3316899,41.809654137795576,0.03121951219512195,1024,0.0,0.029356060606060608,5.3224897384643555,4.6262676003001015,2.9369544982910156,5.939250279334374,2.146601676940918,2.679686833289452,0.6376028060913086,0.37737616706484306,2.2636842727661133,0.7288740336662158,0.2746009826660156,0.8403305662795901,0.7903528213500977,3.259563446044922,0,0.494499197737154
32,1537,0,308678784,14668102,21.044221263255466,0.02081977878985036,1024,0.0,0.019770408163265307,8.048906326293945,9.439444867894053,6.848297119140625,11.335216912751397,5.690922737121582,6.104225867117445,0.755305290222168,0.6335914338706061,1.3332700729370117,0.7848404997882122,0.2694082260131836,1.9167870671177905,1.157374382019043,5.230991045633952,0,0.604161100034771
32,1537,1,308678784,7334051,42.08844252651093,0.02081977878985036,1024,0.0,0.019770408163265307,6.951560974121094,6.5901640996647375,5.081081390380859,11.086266669250715,3.85709285736084,4.153706066426821,0.8089065551757812,0.8531920000677928,1.7440128326416016,0.5581648001680151,0.5415487289428711,1.0251012330021088,1.2239885330200195,6.9325606028238935,0,0.4583221333177865
32,2049,0,545788032,25848134,21.11518115775785,0.015617374328940947,1024,0.0,0.014903846153846155,12.09531307220459,11.232307101211822,10.894575119018555,15.078183477938484,9.154629707336426,7.300707167208505,0.8420324325561523,0.5918919002093995,1.786360740661621,0.8038256666623056,0.3122901916503906,2.535882367131611,1.739945411682129,7.7774763107299805,0,0.7225389673072263
32,2049,1,545788032,12924067,42.2303623155157,0.015617374328940947,1024,0.0,0.014903846153846155,8.220219612121582,9.981498166841144,7.326102256774902,11.79045457392931,5.924553871154785,5.989420600235462,0.46799659729003906,0.5850570334587246,1.4005374908447266,0.7885905671476697,0.42713165283203125,2.618429965999288,1.4015483856201172,5.801033973693848,0,0.6213587619407104
32,4097,0,2165313664,102025542,21.223250781652304,0.007810593116914816,1024,0.0,0.0075096899224806205,27.077622413635254,44.16485869927177,25.154576301574707,54.56808228918817,22.21369743347168,41.02877596645461,1.5369224548339844,1.1802059326631327,2.5432729721069336,0.4034281329950318,0.7837295532226562,1.5524486671589937,2.9408788681030273,13.53930632273356,0,0.4609760000042864
32,4097,1,2165313664,51012771,42.44650156330461,0.007810593116914816,1024,0.0,0.0075096899224806205,37.34499931335449,24.327934467388936,35.70911407470703,29.988604979007505,34.13639545440674,18.23060333360142,0.7615900039672852,1.048748933438522,1.7399215698242188,0.8556559002803018,0.70709228515625,4.192926300068696,1.572718620300293,11.758001645406088,1,1.1907560921791451
64,32,0,786432,34816,22.58823529411765,2.0,4096,0.0,0.0,2.0421361923217773,2.1780302350331717,0.6390142440795898,1.765047821875972,0.15908241271972656,0.31895966676529497,0.2021932601928711,0.22197980045651397,1.4742183685302734,1.3414219002394627,0.20664215087890625,0.2956688675719003,0.4799318313598633,1.446088155110677,0,0.362037921103133
64,32,1,786432,17408,45.1764705882353,2.0,4096,0.0,0.0,3.2285690307617188,1.8492204001328598,0.9938812255859375,2.050446997357843,0.4904460906982422,0.4210785332058246,0.26065826416015625,0.23939960034719357,2.288789749145508,0.8965053993354862,0.1886749267578125,0.2922368672443554,0.5034351348876953,1.6293684641520183,0,0.4847144192786398
64,64,0,2097152,73728,28.444444444444443,1.0,4096,0.0,0.0,3.5574817657470703,1.8974936014274137,0.9580898284912109,1.8904041062342003,0.4172706604003906,0.3362169673588748,0.3833150863647461,0.2024988003540784,2.526097297668457,0.9428425003231192,0.23079872131347656,0.4159353333913411,0.5408191680908203,1.5541871388753254,0,0.5068174711066323
64,64,1,2097152,36864,56.888888888888886,1.0,4096,0.0,0.0,2.609591484069824,2.0907574663093937,0.883636474609375,2.2872288284512856,0.38220882415771484,0.3654717661750813,0.2205657958984375,0.13604320023053637,1.7493057250976562,1.22384436641975,0.2575111389160156,0.3653981334840258,0.5014276504516602,1.9217570622762044,0,0.3863349672833992
64,128,0,6291456,188416,33.391304347826086,0.5,4096,0.0,0.0,3.550748825073242,2.7291281662958986,0.936427116394043,3.4913670388050377,0.49631595611572266,0.7328005003121992,0.5615615844726562,0.24299270007759333,2.1564102172851562,0.9723084328773742,0.33646106719970703,0.7810265330287317,0.4401111602783203,2.7585665384928384,0,0.2682121661761882
64,128,1,6291456,94208,66.78260869565217,0.5,4096,0.0,0.0,3.5906171798706055,2.3211235345418877,0.9821224212646484,3.663668497271525,0.4110097885131836,1.0661298671038821,0.2770853042602539,0.19924456719309092,2.4893903732299805,0.6324344334037354,0.4131317138671875,0.42331466684117913,0.5711126327514648,2.597538630167643,0,0.2680707662268223
64,256,0,20971520,565248,37.10144927536232,0.25,4096,0.0,0.0,3.573575019836426,3.458286933406877,1.8920135498046875,5.488496094282406,1.1564254760742188,0.9939005666334803,0.3205108642578125,0.3414906997932121,1.7861700057983398,1.1622416670434177,0.3104686737060547,0.9606539999367669,0.7355880737304688,4.494595527648926,0,0.34472349388672724
64,256,1,20971520,282624,74.20289855072464,0.25,4096,0.0,0.0,4.146251678466797,3.17932533507701,1.2466096878051758,5.027088730518396,0.5769491195678711,1.174268334095056,0.36071300506591797,0.2981675002956763,2.686901092529297,0.7885669668515524,0.5216884613037109,0.9183225338347256,0.6696605682373047,3.85282039642334,0,0.24797845326207812
64,384,0,44040192,1138688,38.67625899280576,0.16666666666666666,4096,0.0,0.0,3.971729278564453,3.2554783683735873,2.066774368286133,5.694999256714558,1.4065980911254883,1.398775934164102,0.46910762786865234,0.3944682005870466,1.7137765884399414,1.0026354332997773,0.3822469711303711,0.4595988003226618,0.6601762771606445,4.296223322550456,0,0.3629103842023069
64,384,1,44040192,569344,77.35251798561151,0.16666666666666666,4096,0.0,0.0,4.131269454956055,3.4822652000002563,1.8745851516723633,4.790129526130234,1.1352920532226562,1.6732595996775974,0.4132986068725586,0.36146056663710624,2.2448015213012695,0.7464896674112728,0.3378772735595703,0.7010553662742799,0.739293098449707,3.1168699264526367,0,0.39134331158405444
64,512,0,75497472,1908736,39.55364806866953,0.125,4096,0.0,0.0,6.284174919128418,4.0152474655769765,2.8905248641967773,8.414520351410223,2.114114761352539,2.366866199493719,0.7848548889160156,0.4665044660214335,3.049912452697754,0.5033538667097067,0.3352928161621094,0.6785229333521178,0.7764101028442383,6.047654151916504,0,0.3435162960551094
64,512,1,75497472,954368,79.10729613733906,0.125,4096,0.0,0.0,4.657497406005859,5.680558299839807,2.3447656631469727,8.238527088542469,1.4564037322998047,2.576483199178862,0.7108783721923828,0.3920278667161862,2.067708969116211,1.032381933570529,0.42250633239746094,1.6796653003742297,0.888361930847168,5.6620438893636065,0,0.2846098141023167
64,768,0,163577856,4038656,40.503042596348884,0.08333333333333333,4096,0.0,0.0,7.507472038269043,6.111110632385438,4.985642433166504,10.389028457575478,4.290103912353516,3.68922796624247,0.5352449417114258,0.6213022667604188,2.3799943923950195,1.0521476331632584,0.30212879180908203,0.7484327662192906,0.6955385208129883,6.699800491333008,0,0.4798949635690978
64,768,1,163577856,2019328,81.00608519269777,0.08333333333333333,4096,0.0,0.0,6.146330833435059,7.565490500807451,3.8405561447143555,7.7751778706442565,2.740750312805176,3.2803677662741393,0.6261110305786133,0.5033108328158656,2.21097469329834,1.3273160341971864,0.5684947967529297,2.45449586752026,1.0998058319091797,4.494810104370117,0,0.49395090486799687
64,1024,0,285212672,6955008,41.00824499411072,0.0625,4096,0.0,0.0,7.784614562988281,7.638583700948705,6.761713027954102,13.926784408977255,5.525808334350586,5.02852619974874,0.5768060684204102,0.7835599002040302,1.360788345336914,0.5084220339388897,0.3212118148803711,1.3180755670570459,1.2359046936035156,8.898258209228516,0,0.48551861143161495
64,1024,1,285212672,3477504,82.01648998822144,0.0625,4096,0.0,0.0,4.370598793029785,10.690867400262505,2.8702926635742188,10.97570359997917,1.4672231674194336,5.425597233503747,0.6450319290161133,0.6365373003063723,1.8759632110595703,1.0487781003272783,0.38238048553466797,3.5799547661251077,1.4030694961547852,5.550106366475423,0,0.2615133177958328
64,1536,0,629145600,15147008,41.53596538669551,0.041666666666666664,4096,0.0,0.0,14.136638641357422,12.680578231811522,11.18281364440918,21.12822497729212,9.077987670898438,9.147381433285773,1.3097763061523438,1.208041265878516,2.968630790710449,0.5730081330208728,0.7802438735961914,1.752147399626362,2.104825973510742,11.980843544006348,0,0.5292831582600089
64,1536,1,629145600,7573504,83.07193077339102,0.041666666666666664,4096,0.0,0.0,7.388272285461426,15.463038066324467,6.649208068847656,18.760825050412677,4.997653961181641,8.567731432655515,0.43395042419433594,0.8838370665519809,1.5101003646850586,1.0049146667976554,0.4465675354003906,5.0065549003193155,1.6515541076660156,10.193093617757162,0,0.3544198110147291
64,2048,0,1107296256,26484736,41.80884627281163,0.03125,4096,0.0,0.0,16.815528869628906,16.766261901163183,14.550471305847168,27.12368663342204,12.524232864379883,12.38388713391032,1.276998519897461,1.520403500762768,2.494659423828125,0.5597481659303108,0.5196380615234375,2.302223100559786,2.026238441467285,14.739799499511719,0,0.5364488796267817
64,2048,1,1107296256,13242368,83.61769254562326,0.03125,4096,0.0,0.0,9.616713523864746,14.933073800057173,8.675074577331543,21.041593180658918,6.718716621398926,10.443807866734764,0.5307722091674805,1.1514275334775448,1.9028425216674805,0.5580981000093743,0.4643821716308594,2.7797402998354905,1.9563579559326172,10.597785313924154,0,0.41228221184817543
64,4096,0,4362076160,103292928,42.23015306527084,0.015625,4096,0.0,0.0,49.49296474456787,67.48940763257755,48.47783088684082,90.40834912351178,45.31846046447754,57.67878699989524,1.954498291015625,3.619055566377938,1.4067459106445312,0.7381311666298037,0.8132600784301758,5.453433899674565,3.1593704223632812,32.72956212361654,0,0.5362096682089904
64,4096,1,4362076160,51646464,84.46030613054168,0.015625,4096,0.0,0.0,26.111178398132324,47.74472606659401,23.728585243225098,60.30911250951855,21.339097023010254,39.38044353368847,2.315030097961426,2.1831913666877276,1.508622169494629,1.0136384662473574,0.9484291076660156,5.167452699970454,2.3894882202148438,20.928668975830078,0,0.39344941843539866
64,33,0,819456,35846,22.860458628577806,1.9393939393939394,4096,0.0,0.484375,1.9851446151733398,1.5504666342167182,0.4945707321166992,1.8172817518158506,0.16541004180908203,0.2361453662160784,0.20545005798339844,0.18451506718217084,1.4375114440917969,0.8132049668347463,0.1767730712890625,0.3166012339837228,0.3291606903076172,1.5811363855997722,0,0.27214862616791147
64,33,1,819456,17923,45.72091725715561,1.9393939393939394,4096,0.0,0.484375,2.6703310012817383,1.6362407341754686,0.8623600006103516,2.2265333575584614,0.3732490539550781,0.25488323396227014,0.19623756408691406,0.15533946667953083,1.9107627868652344,0.8855579333612695,0.19008159637451172,0.340460100172398,0.48911094665527344,1.9716501235961914,0,0.38731061346234913
64,65,0,2146560,75142,28.566713688749303,0.9846153846153847,4096,0.0,0.3229166666666667,4.021539688110352,2.0814849995076656,0.8620929718017578,2.5505394519617157,0.4269599914550781,0.48424509974817437,0.37842273712158203,0.14851986682818583,2.965731620788574,0.8509793997897456,0.2504253387451172,0.5977406331415599,0.4351329803466797,2.0662943522135415,0,0.3380041705054551
64,65,1,2146560,37571,57.133427377498606,0.9846153846153847,4096,0.0,0.3229166666666667,3.114466667175293,2.039270199020393,0.893406867980957,2.5827286745576807,0.2739524841308594,0.40107946648883325,0.23009300231933594,0.4111129994271323,2.3653173446655273,0.9229698334820569,0.2451038360595703,0.3041078996223708,0.6194543838500977,2.1816492080688477,0,0.34591588221475195
64,129,0,6373632,190598,33.440183002969604,0.49612403100775193,4096,0.0,0.19375,2.869434356689453,2.725057167117484,1.0285043716430664,4.383593146728041,0.5275440216064453,0.6786479003494605,0.3240394592285156,0.3667106667611127,1.7720699310302734,1.2904319000275184,0.24578094482421875,0.3892666999793922,0.5009603500366211,3.7049452463785806,0,0.23462587361939663
64,129,1,6373632,95299,66.88036600593921,0.49612403100775193,4096,0.0,0.19375,2.981414794921875,2.6353622000897303,1.1073493957519531,3.4220375198250017,0.5260562896728516,0.7329143661384782,0.24386882781982422,0.18045803299173713,1.9616413116455078,1.0512684336087357,0.2498483657836914,0.6707213673507795,0.5812931060791016,2.6891231536865234,0,0.323593586960023
64,257,0,21119232,568966,37.118618687232626,0.2490272373540856,4096,0.0,0.1076388888888889,2.407717704772949,2.6622127673666305,1.167464256286621,3.8522677942334367,0.47852516174316406,1.0958152338086318,0.20580768585205078,0.3101066666810463,1.4649295806884766,0.6533487670822069,0.2584552764892578,0.6029420997947454,0.688939094543457,2.7564525604248047,0,0.3030589560866536
64,257,1,21119232,284483,74.23723737446525,0.2490272373540856,4096,0.0,0.1076388888888889,3.02884578704834,3.8183583994396035,1.3250970840454102,4.807272886197703,0.6690406799316406,1.2355320999631658,0.3014993667602539,0.35848546637377393,1.79473876953125,1.2740412668790668,0.2635669708251953,0.9502995662235966,0.6560564041137695,3.5717407862345376,0,0.2756442405942741
64,385,0,44253440,1143942,38.685038227462584,0.16623376623376623,4096,0.0,0.07451923076923077,4.188404083251953,4.290854667002956,2.3712921142578125,6.066788816436505,1.687607765197754,1.472160800282533,0.4569816589355469,0.42286740014484775,1.7075252532958984,1.062404766950446,0.3362894058227539,1.3334216996251296,0.6836843490600586,4.594628016153972,0,0.3908644566353401
64,385,1,44253440,571971,77.37007645492517,0.16623376623376623,4096,0.0,0.07451923076923077,3.6676502227783203,4.239463300715822,1.9374370574951172,5.971730663441122,1.1508941650390625,1.6822625339652102,0.39501190185546875,0.3395753330551088,1.829514503479004,0.7466757670044899,0.29222965240478516,1.4709496666910127,0.7865428924560547,4.289468129475911,0,0.32443476886124295
64,513,0,75776256,1915526,39.55898066640703,0.12475633528265107,4096,0.0,0.05698529411764706,5.24113655090332,6.913756865348357,3.128833770751953,6.505341105124293,2.434868812561035,2.61399226631814,0.5653524398803711,1.0126397993493204,1.990036964416504,1.3859617329823475,0.25087833404541016,1.9011630666985486,0.693964958190918,3.8913488388061523,0,0.48096382959647627
64,513,1,75776256,957763,79.11796133281406,0.12475633528265107,4096,0.0,0.05698529411764706,4.363036155700684,6.128935833112337,2.4170732498168945,6.521332585058796,1.4435052871704102,2.574042800309447,0.6441450119018555,0.4635363332151125,1.9388294219970703,0.9934671669422338,0.33655643463134766,2.0978895326455436,0.9735679626464844,3.947289784749349,0,0.3706410029377611
64,769,0,163987712,4048518,40.505615141145476,0.08322496749024708,4096,0.0,0.03875,8.710122108459473,7.921935434569605,5.787911415100098,9.865208766617192,4.830222129821777,3.4815831003167355,0.33295631408691406,0.6866661336971447,3.283267021179199,1.1893991671968251,0.26367664337158203,2.5642870333588994,0.9576892852783203,6.383625666300456,0,0.5866993341981539
64,769,1,163987712,2024259,81.01123028229095,0.08322496749024708,4096,0.0,0.03875,5.516147613525391,5.998292732207725,3.8000106811523438,7.733715874686217,2.6366090774536133,3.3436509994013854,0.5340719223022461,0.5534688330953941,1.9861936569213867,0.9239517996320501,0.35927295684814453,1.1772211000788957,1.1634016036987305,4.390064875284831,0,0.49135638582100394
64,1025,0,285753600,6967942,41.0097558217333,0.0624390243902439,4096,0.0,0.029356060606060608,8.82051944732666,7.01423540012911,6.599926948547363,13.900517176565092,5.557994842529297,4.721640299734038,0.6979608535766602,0.7390019998031979,2.1081924438476562,0.46605166668693226,0.4563713073730469,1.087541433904941,1.0419321060180664,9.178876876831055,0,0.47479722262954305
64,1025,1,285753600,3483971,82.0195116434666,0.0624390243902439,4096,0.0,0.029356060606060608,7.082557678222656,8.864815433238013,4.536590576171875,11.088180554603849,3.5440874099731445,4.724725100095384,0.6420612335205078,0.695713566771398,2.464604377746582,0.62952186660065,0.4318046569824219,2.8148548997705802,0.9925031661987305,6.363455454508464,0,0.4091375094255899
64,1537,0,629948672,15166086,41.536667535710926,0.04163955757970072,4096,0.0,0.019770408163265307,11.438255310058594,13.99474230032259,9.84154224395752,18.7174978927942,8.787460327148438,8.21955433251181,0.7259464263916016,1.4769053338871647,1.6521215438842773,0.7146042664923394,0.27272701263427734,3.5836783674312755,1.054081916809082,10.497943560282389,0,0.5257936878275961
64,1537,1,629948672,7583043,83.07333507142185,0.04163955757970072,4096,0.0,0.019770408163265307,7.824301719665527,12.38945779914502,6.8085479736328125,17.210038727110565,4.993891716003418,8.628424232786832,0.5052566528320312,0.915055766624088,1.8004179000854492,0.713908399726885,0.5247354507446289,2.132069400007216,1.8146562576293945,8.58161449432373,0,0.39561491299304685
64,2049,0,1108361472,26509958,41.80925039564378,0.031234748657881894,4096,0.0,0.014903846153846155,16.289238929748535,19.92589323296367,14.733538627624512,29.77962712466251,13.170337677001953,15.421400666430904,1.031966209411621,1.673045633166718,1.3571453094482422,0.6815396336605772,0.7297897338867188,2.1499072997054705,1.5632009506225586,14.358226458231607,0,0.494752287056767
64,2049,1,1108361472,13254979,83.61850079128756,0.031234748657881894,4096,0.0,0.014903846153846155,11.442461013793945,15.03641043479244,10.444355010986328,21.59932488769603,8.62161636352539,10.500638033651436,0.797734260559082,1.1337618333830808,1.5071725845336914,0.796156000190725,0.5159378051757812,2.605854567567197,1.8227386474609375,11.098686854044596,0,0.483550067666046
64,4097,0,4364189952,103342726,42.23025771547772,0.015621186233829631,4096,0.0,0.0075096899224806205,46.91364288330078,87.48667443384572,45.388197898864746,108.48728356844124,42.47719764709473,79.60163293367562,1.9295692443847656,2.9008622659603134,1.801161766052246,0.9128821004802982,0.705714225769043,4.071297133729483,2.9110002517700195,28.885650634765625,0,0.41837343885775097
64,4097,1,4364189952,51671363,84.46051543095544,0.015621186233829631,4096,0.0,0.0075096899224806205,23.29258441925049,50.86495870006426,22.503256797790527,61.5192348564354,19.585037231445312,41.93251280036444,1.2068510055541992,2.162365866630959,1.5206050872802734,1.223356799649385,0.9800910949707031,5.5467232334194705,2.918219566345215,19.586722056070965,0,0.36579220873447693
128,32,0,2621440,79872,32.82051282051282,4.0,16384,0.0,0.0,3.326845169067383,3.601599600127277,0.8413219451904297,2.351643355602088,0.22582530975341797,0.448705466502967,0.23277759552001953,0.3972002004350846,2.3971176147460938,1.9415764332128067,0.47112464904785156,0.8141174999764189,0.6154966354370117,1.902937889099121,0,0.35775915730853974
128,32,1,2621440,39936,65.64102564102564,4.0,16384,0.0,0.0,3.260664939880371,2.9189973991985125,1.018686294555664,2.4059657773856693,0.2776479721069336,0.5539938332124924,0.2648591995239258,0.49682316603139043,2.4437618255615234,1.0692812997149304,0.2743959426879883,0.7988991002396991,0.7410383224487305,1.851971944173177,0,0.42340015977391504
128,64,0,6291456,139264,45.1764705882353,2.0,16384,0.0,0.0,3.5518932342529297,4.269747234260042,1.0824012756347656,3.4249951626406983,0.48151493072509766,0.6004184668806071,0.42385101318359375,0.36827596680571634,2.3743438720703125,2.33348620046551,0.2721834182739258,0.9675666001082087,0.600886344909668,2.8245766957600913,0,0.31603001587897883
128,64,1,6291456,69632,90.3529411764706,2.0,16384,0.0,0.0,3.2626819610595703,3.9466930999575807,1.0227060317993164,3.3623633411480114,0.2301025390625,0.5598801003846651,0.2284717559814453,0.3823832337123652,2.5182294845581055,2.1022756991442293,0.28587818145751953,0.9021540667163208,0.7926034927368164,2.802483240763346,0,0.30416285452664193
128,128,0,16777216,294912,56.888888888888886,1.0,16384,0.0,0.0,3.6682939529418945,4.547383699294491,1.1151647567749023,5.670033244920584,0.5419683456420898,1.0070188329943146,0.39078712463378906,0.5660426996958753,2.339911460876465,1.6490284334092091,0.3956270217895508,1.3252937331950914,0.5731964111328125,4.6630144119262695,0,0.19667693443841908
128,128,1,16777216,147456,113.77777777777777,1.0,16384,0.0,0.0,3.750143051147461,4.8568695337356385,1.306014060974121,5.594865608145483,0.5627679824829102,1.3385217665927485,0.3260993957519531,0.351806166387784,2.2786617279052734,1.9189301005098969,0.5826139450073242,1.2476115002452086,0.7432460784912109,4.256343841552734,0,0.23343081897672652
128,256,0,50331648,753664,66.78260869565217,0.5,16384,0.0,0.0,5.043063163757324,4.902333000791259,2.5919246673583984,10.260452526078248,1.6864442825317383,1.75687243269446,0.47940731048583984,0.649118100409396,2.2351551055908203,0.976534866883109,0.6420564651489258,1.5198076008042942,0.9054803848266602,8.503580093383789,0,0.2526130948679594
128,256,1,50331648,376832,133.56521739130434,0.5,16384,0.0,0.0,4.562716484069824,6.104737933492288,1.9021081924438477,7.954810363783811,0.9704256057739258,2.4372481333557516,0.46646595001220703,0.5204416995790476,2.7808523178100586,1.0897039338791121,0.3449726104736328,2.0573441666783765,0.9316825866699219,5.51756223042806,0,0.23911420957357488
128,384,0,100663296,1409024,71.44186046511628,0.3333333333333333,16384,0.0,0.0,6.226749420166016,7.649780866146708,3.711104393005371,9.639896424293209,3.061995506286621,2.6173089660005644,0.6074285507202148,0.8810369666510572,2.1389007568359375,1.4779469997544463,0.4184246063232422,2.6734879337406405,0.64910888671875,7.0225874582926435,0,0.3849734716706219
128,384,1,100663296,704512,142.88372093023256,0.3333333333333333,16384,0.0,0.0,3.95479679107666,8.30432410002686,2.417173385620117,8.268513283110224,1.188960075378418,3.375647466358108,0.3517580032348633,0.6120367334612334,1.8774700164794922,1.5929397670940186,0.5366086959838867,2.723700133113501,1.2282133102416992,4.892865816752116,0,0.2923347043001775
128,512,0,167772160,2260992,74.20289855072464,0.25,16384,0.0,0.0,6.452541351318359,7.7868685009889305,5.057477951049805,12.491504126228392,4.002127647399902,4.32466643396765,0.3185749053955078,0.973866733450753,1.605381965637207,0.9792043332709,0.5264568328857422,1.5091310002996277,1.0553503036499023,8.166837692260742,0,0.4048734163590937
128,512,1,167772160,1130496,148.40579710144928,0.25,16384,0.0,0.0,5.209188461303711,12.375271200047186,3.384227752685547,12.000576250526743,2.0168447494506836,5.519540700091359,0.7370376586914062,0.8362359997893994,1.9890975952148438,2.055328833133293,0.46620845794677734,3.9641656670331336,1.3673830032348633,6.481035550435384,0,0.2820054372419826
128,768,0,352321536,4554752,77.35251798561151,0.16666666666666666,16384,0.0,0.0,8.817930221557617,11.776318001405647,7.679891586303711,17.188283442131553,6.39040470123291,5.870919067335005,0.34459590911865234,1.4510339009575546,1.5051937103271484,1.341238500511584,0.5777359008789062,3.113126532601503,1.2894868850708008,11.317364374796549,0,0.4468096894119703
128,768,1,352321536,2277376,154.70503597122303,0.16666666666666666,16384,0.0,0.0,5.148463249206543,11.852223832587091,3.4209251403808594,16.78059778544897,1.831650733947754,6.982134599820711,0.9422492980957031,1.1067626328440383,1.8691301345825195,1.5408372331876308,0.5054330825805664,2.222489366734711,1.5892744064331055,9.798463185628256,0,0.20386193532075841
128,1024,0,603979776,7634944,79.10729613733906,0.125,16384,0.0,0.0,11.19269847869873,18.54469106765464,9.178638458251953,24.842662695058003,7.494969367980957,9.820766332753314,1.0289287567138672,1.7380011675413698,1.5245342254638672,1.9513432673799496,1.144266128540039,5.034580299980007,1.683669090270996,15.021896362304688,0,0.3694707999266873
128,1024,1,603979776,3817472,158.21459227467813,0.125,16384,0.0,0.0,7.515850067138672,16.197230968585547,6.4576005935668945,21.147945781315986,4.646673202514648,10.54040120022061,0.595240592956543,1.264159067068249,1.741175651550293,1.0503461671760306,0.5327606201171875,3.342324534120659,1.810927391052246,10.607544581095377,0,0.3053535629579741
128,1536,0,1308622848,16154624,81.00608519269777,0.08333333333333333,16384,0.0,0.0,17.875099182128906,28.39501356550803,16.488542556762695,42.6746811310295,14.37617301940918,18.869682733202353,1.0904598236083984,2.5267722997038313,1.4999198913574219,1.9432708659830193,0.9085464477539062,5.055287666618824,2.1123695373535156,23.80499839782715,0,0.38637763938143616
128,1536,1,1308622848,8077312,162.01217038539554,0.08333333333333333,16384,0.0,0.0,14.066925048828125,26.395963633937452,11.510419845581055,34.10657306376379,9.545221328735352,18.239935833844356,0.9789037704467773,1.7725936001321922,2.4988937377929688,1.0569323999031137,1.0439062118530273,5.326501800057788,1.9651985168457031,15.866637229919434,0,0.33748391619591334
128,2048,0,2281701376,27820032,82.01648998822144,0.0625,16384,0.0,0.0,27.635903358459473,44.55040026514325,26.273837089538574,64.74536112121618,23.655471801757812,32.69440979929641,1.2285137176513672,3.672706566673393,1.521148681640625,2.449541433209864,1.230769157409668,5.733742465963587,2.6183652877807617,32.05095132191976,0,0.40580261866713097
128,2048,1,2281701376,13910016,164.03297997644287,0.0625,16384,0.0,0.0,15.34646987915039,37.097097267784804,11.737871170043945,47.957695329872266,9.90788459777832,26.299862866289914,2.003450393676758,3.1781431675578156,2.178502082824707,1.709292233378316,1.2566328048706055,5.9097990005587535,1.829986572265625,21.657832463582356,0,0.2447546965988703
128,4096,0,8858370048,105938944,83.61769254562326,0.03125,16384,0.0,0.0,86.46270275115967,126.66738199962613,83.21414470672607,174.20059487534064,79.2383623123169,107.16021503321826,1.9938182830810547,7.544053467184615,2.424182891845703,1.1637999666466687,2.8063392639160156,10.799313532576585,3.9757823944091797,67.04037984212239,0,0.4776915071172678
128,4096,1,8858370048,52969472,167.2353850912465,0.03125,16384,0.0,0.0,42.70838737487793,75.51532350092506,40.02683639526367,103.65812851620528,37.394046783447266,56.480495866465695,1.944732666015625,5.100892733510894,1.8202638626098633,1.5409955337721233,1.5493440628051758,12.392939367176345,2.6327896118164062,47.177632649739586,0,0.38614276534045394
128,33,0,2720256,81542,33.36018248264698,3.878787878787879,16384,0.0,0.484375,2.8331708908081055,3.746019232009227,0.7845115661621094,2.824434833989168,0.24082660675048828,0.5023093991136799,0.32249927520751953,0.5466367001645267,1.997056007385254,1.846685433217014,0.27278900146484375,0.8503876995140066,0.5436849594116211,2.3221254348754883,0,0.2777587773388572
128,33,1,2720256,40771,66.72036496529395,3.878787878787879,16384,0.0,0.484375,2.949662208557129,3.2929039676673706,0.940403938293457,2.6596910213508336,0.27838706970214844,0.3805206671434765,0.27478694915771484,0.3001314335657905,2.1288681030273438,1.8103749336053927,0.2676200866699219,0.8018769333527113,0.6620168685913086,2.279170354207357,0,0.35357638565694527
128,65,0,6423040,141318,45.450968737174314,1.9692307692307693,16384,0.0,0.3229166666666667,3.992443084716797,5.035796866286546,1.3635063171386719,5.056174626224674,0.6178712844848633,1.2542963328693684,0.42945384979248047,0.7836667995434254,2.686886787414551,1.9852231334274013,0.25823116302490234,1.0126106004463509,0.7456350326538086,3.801878293355306,0,0.2696715240147411
128,65,1,6423040,70659,90.90193747434863,1.9692307692307693,16384,0.0,0.3229166666666667,3.418426513671875,3.6903041337306304,1.2678718566894531,3.8201189425308257,0.5576276779174805,0.6292120999811838,0.5151939392089844,0.4025544660786788,2.04561710357666,2.0091153002188853,0.29998779296875,0.6494222674518824,0.7102441787719727,3.190906842549642,0,0.3318932933144456
128,129,0,16974336,297734,57.01174874216583,0.9922480620155039,16384,0.0,0.19375,3.878607749938965,4.996908565711541,1.2674903869628906,6.003773377354567,0.5486106872558594,1.009086932754144,0.39803028106689453,0.5662343668518588,2.477269172668457,2.0572677332287035,0.4546976089477539,1.3643195328768343,0.7188796997070312,4.994686444600423,0,0.21111562800549658
128,129,1,16974336,148867,114.02349748433166,0.9922480620155039,16384,0.0,0.19375,3.3058643341064453,5.33494769964212,1.1422252655029297,6.276087321263428,0.43099403381347656,1.5225215329943846,0.3423786163330078,0.46664749970659614,2.2668027877807617,2.011141733964905,0.2656888961791992,1.3346369329762335,0.7112312316894531,4.753565788269043,0,0.18199639473355675
128,257,0,50659840,758022,66.8316223011997,0.4980544747081712,16384,0.0,0.1076388888888889,5.000710487365723,4.183018867236873,3.1491613388061523,6.6044916592848795,2.5332021713256836,1.7575293662957847,0.4907083511352539,0.7324101335446661,1.6885089874267578,0.9896170668071136,0.28829097747802734,0.7034623005893081,0.6159591674804688,4.846962292989095,0,0.4768211546423751
128,257,1,50659840,379011,133.6632446023994,0.4980544747081712,16384,0.0,0.1076388888888889,3.936786651611328,7.278289367483618,1.915431022644043,8.613057481124997,1.0072994232177734,2.4211282997081676,0.45914173126220703,0.6199605006258935,2.1168899536132812,2.181324533497294,0.3534555435180664,2.0558760336522632,0.9081315994262695,6.191929181416829,0,0.22238688489442873
128,385,0,101122560,1414918,71.46884837142505,0.33246753246753247,16384,0.0,0.07451923076923077,5.56121826171875,7.148264366939354,2.6013946533203125,9.096303945989348,1.8376445770263672,2.5489323995619393,0.7884025573730469,0.8894760336261243,2.5405406951904297,1.051665600001191,0.39463043212890625,2.658190333750099,0.7637500762939453,6.547371546427409,0,0.28598369939774204
128,385,1,101122560,707459,142.9376967428501,0.33246753246753247,16384,0.0,0.07451923076923077,4.719510078430176,7.4749004998011515,2.690906524658203,8.66480581559396,1.6450262069702148,3.4743300338353342,0.6171131134033203,0.6349330331431702,2.0510482788085938,1.7061962998316933,0.4063224792480469,1.6594411329909537,1.0458803176879883,5.190475781758626,0,0.3105558949532841
128,513,0,168362496,2268422,74.22009485007639,0.24951267056530213,16384,0.0,0.05698529411764706,5.0629472732543945,11.218576599882606,2.8386402130126953,12.091351449877646,1.4923524856567383,3.8827110334144286,0.4743766784667969,1.130854800188293,2.2538089752197266,1.9633087329566479,0.8424091339111328,4.241702033323236,1.346287727355957,8.208640416463217,0,0.23476616528596728
128,513,1,168362496,1134211,148.44018970015279,0.24951267056530213,16384,0.0,0.05698529411764706,6.300668716430664,11.58831096739353,3.4220027923583984,11.875903036949845,2.3764801025390625,5.044463700808895,0.6110048294067383,0.783559867219689,2.735171318054199,1.974108999517436,0.5780124664306641,3.78617839984751,1.045522689819336,6.83143933614095,0,0.2881467440169746
128,769,0,353174016,4565254,77.3613069502814,0.16644993498049415,16384,0.0,0.03875,8.029952049255371,10.082716165925376,6.7076826095581055,17.671321434318088,5.2977752685546875,5.7795669660360245,0.44182300567626953,1.3869728000524144,1.5778398513793945,0.9827113331994042,0.7125139236450195,1.9334650666375335,1.409907341003418,11.891754468282064,0,0.37958013691786746
128,769,1,353174016,2282627,154.7226139005628,0.16644993498049415,16384,0.0,0.03875,7.704296112060547,12.096167634202478,5.903711318969727,16.373496245554026,4.257559776306152,6.861294300567049,0.8760547637939453,1.0101216670591384,2.0336532592773438,1.970576966414228,0.5370283126831055,2.254174700162063,1.6461515426635742,9.512201944986979,0,0.3605651004789395
128,1025,0,605094400,7648518,79.11263332321373,0.1248780487804878,16384,0.0,0.029356060606060608,10.954999923706055,15.723180100515796,9.844112396240234,26.59868280364511,7.915325164794922,9.310021800532317,0.7334327697753906,1.734151066436122,1.5238428115844727,2.469215433423718,0.7823991775512695,2.2097918001236394,1.9287872314453125,17.288661003112793,0,0.37009774013663516
128,1025,1,605094400,3824259,158.22526664642746,0.1248780487804878,16384,0.0,0.029356060606060608,11.272311210632324,16.203243132137384,9.306011199951172,23.44245944696013,7.281913757324219,10.10473603285694,1.0366201400756836,1.2501489991943042,2.2682857513427734,1.7900022668375943,0.6854915618896484,3.058355833248546,2.024097442626953,13.33772341410319,0,0.39697247726956897
128,1537,0,1310261760,16174342,81.00865927034312,0.08327911515940144,16384,0.0,0.019770408163265307,17.46952533721924,22.36191263461175,15.61563491821289,39.40205658436753,13.624916076660156,15.66285376708644,0.9606218338012695,2.530797300278209,1.717081069946289,1.1556303332326934,1.1669063568115234,3.012631234014407,1.9907188415527344,23.739202817281086,0,0.39631522493697136
128,1537,1,1310261760,8087171,162.01731854068623,0.08327911515940144,16384,0.0,0.019770408163265307,12.263522148132324,27.300999066210355,11.382589340209961,32.126159868009076,8.643636703491211,16.784909766283818,0.836029052734375,2.688524299689258,1.695408821105957,1.940665200042228,1.0884475708007812,5.8868998001950485,2.73895263671875,15.34125010172526,0,0.3543090548940658
128,2049,0,2283864576,27845894,82.01800150499747,0.06246949731576379,16384,0.0,0.014903846153846155,25.79240322113037,31.388135166101467,24.445042610168457,52.63896873802878,22.380032539367676,21.86491580020326,1.0979509353637695,2.7844652329804376,1.532912254333496,1.9544543659624953,0.7815074920654297,4.784299766955276,2.0650100708007812,30.77405293782552,0,0.46439060635525425
128,2049,1,2283864576,13922947,164.03600300999494,0.06246949731576379,16384,0.0,0.014903846153846155,16.014928817749023,41.19601476704702,14.858264923095703,50.52773685019929,11.48284912109375,29.848771599548247,0.8976316452026367,2.290079634015759,2.343006134033203,2.223315700151337,1.2914419174194336,6.833847833331674,3.375415802001953,20.678965250651043,0,0.2940615560745642
128,4097,0,8862630400,105989382,83.6180967636928,0.031242372467659263,16384,0.0,0.0075096899224806205,90.70817470550537,163.06609666595855,88.53415012359619,193.8442669323801,85.35626411437988,142.84461756663708,2.1167659759521484,8.39541599949977,1.5709781646728516,1.2414182662420596,1.6641664505004883,10.58464483357966,3.1778860092163086,50.999649365743004,0,0.45672823614886743
128,4097,1,8862630400,52994691,167.2361935273856,0.031242372467659263,16384,0.0,0.0075096899224806205,45.71155548095703,82.1307664659495,42.1179723739624,108.10734741098713,39.675984382629395,66.0590679666105,2.647428512573242,4.388228733053741,1.6434383392333984,1.3849574665073305,1.744704246520996,10.29851229977794,2.441987991333008,42.048279444376625,0,0.3895939858171183
256,32,0,9437184,219136,43.06542056074766,8.0,65536,0.0,0.0,3.889803886413574,9.944574133260176,1.3724660873413086,2.382742719297918,0.4011058807373047,0.7212751671128595,0.46456336975097656,1.4768163663878415,2.606959342956543,5.123643099796027,0.41717529296875,2.6228394999634475,0.9713602066040039,1.6614675521850586,0,0.5760026360486413
256,32,1,9437184,109568,86.13084112149532,8.0,65536,0.0,0.0,3.2590579986572266,10.378240367087225,1.3658332824707031,3.9366115224159635,0.24351119995117188,0.6197799336708462,0.3416252136230469,1.8658608004140358,2.236313819885254,5.596433766186237,0.4376077651977539,2.296165866816106,1.1223220825195312,3.316831588745117,0,0.34695658301392884
256,64,0,20971520,319488,65.64102564102564,4.0,65536,0.0,0.0,4.361944198608398,12.59900599931522,1.6973304748535156,6.406478187030492,0.5921125411987305,2.262810965961156,0.5472087860107422,1.299140333624867,2.6091718673706055,6.047907332928541,0.6134510040283203,2.989147366800656,1.1052179336547852,4.143667221069336,0,0.2649397102903828
256,64,1,20971520,159744,131.28205128205127,4.0,65536,0.0,0.0,4.6923828125,12.29565086735723,1.5236234664916992,5.298545120361571,0.3623819351196289,1.5491109671226393,0.37862300872802734,1.7499305336968973,3.352503776550293,6.119149133640652,0.5988740921020508,2.877460232897041,1.1612415313720703,3.749434153238932,0,0.28755506122551006
256,128,0,50331648,557056,90.3529411764706,2.0,65536,0.0,0.0,6.0684919357299805,12.362732899297649,2.4384498596191406,6.544613676184477,1.1914825439453125,1.9542612998823945,0.8215713500976562,2.0046387993109724,3.3969831466674805,5.191900099938114,0.6584548950195312,3.211932700166168,1.2469673156738281,4.590352376302083,0,0.3725888158215569
256,128,1,50331648,278528,180.7058823529412,2.0,65536,0.0,0.0,4.753007888793945,13.431582166231237,1.9330310821533203,6.528536240026975,0.7301139831542969,2.7027842996176332,0.46474456787109375,1.9542960333637893,3.045220375061035,5.768452733173035,0.5129289627075195,3.0060491000767797,1.2029170989990234,3.8257519404093423,0,0.2960895078289913
256,256,0,134217728,1179648,113.77777777777777,1.0,65536,0.0,0.0,6.627540588378906,13.793998232965048,3.920259475708008,11.73988719820045,2.828946113586426,3.7278229002064713,1.0975456237792969,1.8437714335353423,2.091207504272461,4.7517712325012935,0.6098413467407227,3.47063266672194,1.091313362121582,8.012064297993978,0,0.33392650282950975
256,256,1,134217728,589824,227.55555555555554,1.0,65536,0.0,0.0,6.028990745544434,16.19458573210674,2.9019737243652344,14.144189819732372,1.4086103439331055,5.782707199493113,0.5626630783081055,2.3073757998645306,3.2323408126831055,4.122622999905919,0.8253765106201172,3.981879732843178,1.493363380432129,8.361482620239258,0,0.20517072814709608
256,384,0,251658240,1998848,125.90163934426229,0.6666666666666666,65536,0.0,0.0,8.356428146362305,17.664210265502334,5.992307662963867,18.64370604841194,4.295797348022461,6.982931499563468,1.1049890518188477,1.6051927329196285,2.2379159927368164,5.406821332871914,0.7177257537841797,3.6692647001473233,1.6965103149414062,11.66077454884847,0,0.32141182913974814
256,384,1,251658240,999424,251.80327868852459,0.6666666666666666,65536,0.0,0.0,7.190976142883301,19.9824030326757,4.333100318908691,17.311122729248986,2.483487129211426,8.091794166830368,0.6453227996826172,2.4878046999219805,3.2058191299438477,4.916903933432574,0.8563470840454102,4.485900232490773,1.8496131896972656,9.21932856241862,0,0.25030729587442974
256,512,0,402653184,3014656,133.56521739130434,0.5,65536,0.0,0.0,13.998727798461914,21.898852333348863,9.871907234191895,24.398002692032605,7.938699722290039,9.577705132930229,1.8361759185791016,2.547529566800222,2.7172470092773438,4.0095178002957255,1.5066051483154297,5.764099833322689,1.9332075119018555,14.820297559102377,0,0.40461948294708805
256,512,1,402653184,1507328,267.1304347826087,0.5,65536,0.0,0.0,6.393628120422363,23.755744832063403,3.7907791137695312,23.65291818471936,1.7925643920898438,12.630652432562783,0.7214927673339844,2.6140017997628697,2.985811233520508,3.921452032712599,0.8937597274780273,4.589638567025152,1.9982147216796875,11.022265752156576,0,0.16026686788349487
256,768,0,805306368,5636096,142.88372093023256,0.3333333333333333,65536,0.0,0.0,15.825762748718262,28.90082449982098,13.204140663146973,38.21661992406007,11.050043106079102,15.72671456669923,0.8869457244873047,3.445289066682259,2.51676082611084,4.532084566502211,1.3720130920410156,5.196736299937281,2.154097557067871,22.48990535736084,0,0.34550781019841137
256,768,1,805306368,2818048,285.7674418604651,0.3333333333333333,65536,0.0,0.0,10.96170425415039,34.54220640123822,8.039016723632812,34.81808736881552,6.374354362487793,18.81852383376099,0.6471395492553711,3.2543697006379566,2.6108312606811523,5.556791233054052,1.3293790817260742,6.912521633785218,1.6646623611450195,15.999563535054525,0,0.2308862241190445
256,1024,0,1342177280,9043968,148.40579710144928,0.25,65536,0.0,0.0,16.94392681121826,37.32428673247341,16.008472442626953,54.718970916777224,11.819710731506348,24.1618868332201,0.8055305480957031,4.104567065951414,1.8620872497558594,3.3960240999779976,2.4565982818603516,5.661808733323899,4.1887617111206055,30.55708408355713,0,0.2925579954157844
256,1024,1,1342177280,4521984,296.81159420289856,0.25,65536,0.0,0.0,13.454546928405762,43.22205606731586,11.198716163635254,47.450456805139154,9.263739585876465,26.476241933414713,0.6719064712524414,4.0360725339269266,2.343435287475586,3.8118316335991644,1.1754655838012695,8.897909966375058,1.934976577758789,20.974214871724445,0,0.23600860597873885
256,1536,0,2818572288,18219008,154.70503597122303,0.16666666666666666,65536,0.0,0.0,26.794495582580566,64.65229536697734,25.41360855102539,93.42446250181335,21.894221305847168,45.6367882337266,1.175236701965332,5.652836299850605,1.6456127166748047,4.524064933260282,2.0794248580932617,8.838605900139859,3.5193872451782227,47.787674268086754,0,0.27202306409343396
256,1536,1,2818572288,9109504,309.41007194244605,0.16666666666666666,65536,0.0,0.0,18.92632484436035,61.13885193384097,16.091690063476562,72.48110835401653,14.150376319885254,40.05973403303263,0.672144889831543,4.9110620670641465,2.114567756652832,4.003700967102001,1.9892358779907227,12.164354866642194,1.9413137435913086,32.42137432098389,0,0.22201219640406955
256,2048,0,4831838208,30539776,158.21459227467813,0.125,65536,0.0,0.0,46.915154457092285,93.9908440321839,44.027390480041504,132.63004326242176,37.69668102264404,67.89550486622223,1.3064098358154297,7.800373899711606,2.0432615280151367,5.626157933147624,5.868802070617676,12.66880733310245,6.330709457397461,64.73453839619954,0,0.3319563908527793
256,2048,1,4831838208,15269888,316.42918454935625,0.125,65536,0.0,0.0,23.805813789367676,89.2751984327333,22.247843742370605,108.40586852670336,17.312703132629395,60.55199336648608,1.144881248474121,6.125908899897088,2.2838687896728516,6.401409233027759,3.0643606185913086,16.195886933322374,4.935140609741211,47.853875160217285,0,0.20522730037341427
256,4096,0,18253611008,111280128,164.03297997644287,0.0625,65536,0.0,0.0,155.87252140045166,270.8187313003388,153.31978797912598,332.5076766913602,146.67542934417725,209.58966693336455,2.493414878845215,24.751486600143835,2.433900833129883,4.966770166841646,4.269776344299316,31.510807599988766,6.6443586349487305,122.9180097579956,0,0.461101498481914
256,4096,1,18253611008,55640064,328.06595995288575,0.0625,65536,0.0,0.0,79.48092937469482,170.23438373483566,73.2161283493042,204.09706599311903,68.03314208984375,120.32315896746393,3.4397172927856445,12.326252600178123,3.874034881591797,5.029840967229878,4.134035110473633,32.555131199963704,5.182986259460449,83.7739070256551,0,0.3587319003976893
256,33,0,9765888,222086,43.973451725907985,7.757575757575758,65536,0.0,0.484375,3.8428544998168945,11.359270799827451,1.4547204971313477,3.781535806289564,0.35501956939697266,1.7057365000558395,0.48810482025146484,1.3022611674387008,2.4106979370117188,5.567371899572511,0.5890321731567383,2.7839012327603996,1.099700927734375,2.075799306233724,0,0.3846903934406261
256,33,1,9765888,111043,87.94690345181597,7.757575757575758,65536,0.0,0.484375,3.9423465728759766,10.929826931290638,1.667332649230957,4.6205882710637525,0.43787479400634766,0.7036650660059726,0.4681062698364258,1.8356628997329,2.5903940200805664,5.855764166335575,0.4459714889526367,2.534734799216191,1.2294578552246094,3.91692320505778,0,0.3608485654678562
256,65,0,21365760,322822,66.18433687914703,3.9384615384615387,65536,0.0,0.3229166666666667,4.130196571350098,11.22126366729693,1.663975715637207,4.318197213190918,0.40318965911865234,1.1073903665722657,0.5247020721435547,1.4062328671570867,2.538914680480957,5.676614499922532,0.6633901596069336,3.031025933645045,1.2607860565185547,3.2108068466186523,0,0.38534037087380213
256,65,1,21365760,161411,132.36867375829405,3.9384615384615387,65536,0.0,0.3229166666666667,5.152249336242676,11.816506933731336,1.5929746627807617,4.4564322277437896,0.5173969268798828,1.9074435675671946,0.3986549377441406,1.8640815328884248,3.718123435974121,5.023471366924544,0.5180740356445312,3.021510466351174,1.075577735900879,2.548988660176595,0,0.35745515277077505
256,129,0,50856960,561158,90.62859301658357,1.9844961240310077,65536,0.0,0.19375,5.302038192749023,9.669618000043556,1.8882560729980469,7.807119483671462,0.9079360961914062,2.9678898999312273,0.6187105178833008,1.828764133582202,2.9280662536621094,3.58851426669086,0.847325325012207,1.2844496998392667,0.9803199768066406,4.839229583740234,0,0.24186335010592855
256,129,1,50856960,280579,181.25718603316713,1.9844961240310077,65536,0.0,0.19375,4.337143898010254,13.545523132779634,1.9062232971191406,7.346061073864499,0.6123733520507812,2.9014301331092915,0.4542970657348633,2.1026213663086915,2.7994918823242188,5.650958400413704,0.4709815979003906,2.890513232947948,1.2938499450683594,4.444630940755208,0,0.2594891708566132
256,257,0,135005184,1185286,113.9009353016909,0.9961089494163424,65536,0.0,0.1076388888888889,8.201436996459961,14.834406199709823,5.217957496643066,12.751434832656136,3.996143341064453,3.926792333368212,1.1842679977416992,1.8938321998575702,2.2964859008789062,5.493746666858594,0.7245397567749023,3.5200349996254467,1.2218141555786133,8.824642499287924,0,0.40920551805511296
256,257,1,135005184,592643,227.8018706033818,0.9961089494163424,65536,0.0,0.1076388888888889,5.655083656311035,18.291588501112223,2.22994327545166,13.625663998148713,0.8713293075561523,6.522665900411084,0.5258607864379883,2.4544274997121343,3.4364795684814453,5.340764267020859,0.8214139938354492,3.9737308339681476,1.3586139678955078,7.10299809773763,0,0.1636575858434963
256,385,0,252707840,2006022,125.97461044794125,0.6649350649350649,65536,0.0,0.07451923076923077,11.828207969665527,15.505437232786788,7.8224945068359375,18.457101706493027,6.100616455078125,5.862489267019555,1.9708871841430664,2.2290907664379724,2.261524200439453,3.509980633195179,1.4951801300048828,3.9038765661340826,1.7218780517578125,12.59461243947347,0,0.42382030674317955
256,385,1,252707840,1003011,251.9492208958825,0.6649350649350649,65536,0.0,0.07451923076923077,4.61578369140625,21.121112833498046,2.8145933151245117,19.804718834348023,1.3909006118774414,9.238667033302287,0.42620182037353516,2.4037347660244754,2.272319793701172,4.735417933746551,0.5263614654541016,4.743293100424732,1.4236927032470703,10.566051801045736,0,0.14211730742892764
256,513,0,403964928,3023366,133.61429876501884,0.49902534113060426,65536,0.0,0.05698529411764706,11.138710975646973,21.533677233189035,8.914122581481934,24.010579017340206,6.79957389831543,8.498804000555538,1.0918331146240234,2.69004086633989,2.2091007232666016,5.886602299869992,1.038203239440918,4.4582300664236145,2.114548683166504,15.511775016784668,0,0.37125812647184564
256,513,1,403964928,1511683,267.2285975300377,0.49902534113060426,65536,0.0,0.05698529411764706,9.270920753479004,26.28375383404394,6.4662981033325195,23.73546610275904,4.238138198852539,12.253227333227793,0.7207965850830078,2.7310500998282805,3.227062225341797,5.555192433530465,1.0849237442016602,5.7442839674574016,2.2281599044799805,11.48223876953125,0,0.2724318989708346
256,769,0,807142400,5647878,142.91073567807237,0.3328998699609883,65536,0.0,0.03875,15.377545356750488,27.201941531772412,13.210926055908203,39.47927151554419,11.144413948059082,15.587456965780197,0.8820295333862305,3.379827866835209,1.9912481307983398,3.7035278325978047,1.359853744506836,4.531128866559205,2.066512107849121,23.891814549763996,0,0.33462942827368686
256,769,1,807142400,2823939,285.82147135614474,0.3328998699609883,65536,0.0,0.03875,11.640105247497559,30.626639700494703,9.275331497192383,34.24365347503529,7.639427185058594,18.21722016611602,0.7462644577026367,3.231998267195498,2.419905662536621,3.6653381005938477,0.834507942199707,5.512083166589339,1.635904312133789,16.02643330891927,0,0.27086278933275604
256,1025,0,1344537600,9058822,148.42300687661154,0.2497560975609756,65536,0.0,0.029356060606060608,18.246073722839355,37.09440026529288,14.934220314025879,52.2528969120079,12.35206127166748,21.53494386584498,0.7448768615722656,4.002170333599982,2.2536516189575195,5.243880232834878,2.89548397064209,6.313405833013046,2.5821590423583984,30.717953046162922,0,0.2858065522984228
256,1025,1,1344537600,4529411,296.8460137532231,0.2497560975609756,65536,0.0,0.029356060606060608,11.610188484191895,43.01905473403166,8.582267761230469,47.86049840719595,6.604418754577637,26.1439355002949,0.6946754455566406,3.804377200625216,2.7698612213134766,5.050495499745011,1.5412330627441406,8.02024653336654,1.977849006652832,21.716562906901043,0,0.17931839506167999
256,1537,0,2821981184,18240006,154.7138298090472,0.16655823031880287,65536,0.0,0.019770408163265307,34.79517936706543,67.31328669993673,31.04085922241211,94.7299753218734,27.475414276123047,47.7341527332707,1.0117530822753906,5.713988866773434,2.3659896850585938,5.7763429669042425,3.9420223236083984,8.088802132988349,3.5654449462890625,46.9958225886027,0,0.3276772649516852
256,1537,1,2821981184,9120003,309.4276596180944,0.16655823031880287,65536,0.0,0.019770408163265307,15.22831916809082,60.06285379990004,14.272704124450684,70.73573572173093,11.536083221435547,38.995419966522604,0.660552978515625,4.954721233419453,1.92901611328125,4.582066033617593,1.1026668548583984,11.530646566340389,2.7366209030151367,31.740315755208332,0,0.2017750148326502
256,2049,0,4836295680,30566918,158.21993175759494,0.12493899463152758,65536,0.0,0.014903846153846155,46.354055404663086,90.9510637332763,44.08544063568115,126.33178507191285,39.662814140319824,65.30318533283814,1.3265609741210938,8.707241299756182,1.7320632934570312,5.53079893385681,3.6326169967651367,11.409838166825162,4.422626495361328,61.02859973907471,0,0.3489655482235611
256,2049,1,4836295680,15283459,316.43986351518987,0.12493899463152758,65536,0.0,0.014903846153846155,28.527159690856934,84.81444473436568,26.210036277770996,99.17736783196838,21.63447856903076,56.772247300250456,1.161341667175293,6.343244367356722,2.5640869140625,6.154861500059876,3.167252540588379,15.544091566698626,4.575557708740234,42.405120531717934,0,0.2642743687468843
256,4097,0,18262262784,111331846,164.03449183803167,0.062484744935318526,65536,0.0,0.0075096899224806205,171.06496334075928,334.605335900172,168.58616828918457,405.80513318709563,162.2472858428955,280.0687933001124,2.3778533935546875,24.82185153348837,1.829824447631836,3.2852934333883845,4.609999656677246,26.429397633182816,6.3388824462890625,125.73633988698323,0,0.4154362636202984
256,4097,1,18262262784,55665923,328.06898367606334,0.062484744935318526,65536,0.0,0.0075096899224806205,96.57669067382812,177.0346199327226,89.27887916564941,212.26442059463199,84.90119934082031,127.00600823348698,3.479452133178711,12.741596832832633,3.6406898498535156,5.457960666778187,4.555349349975586,31.829054199624807,4.377679824829102,85.25841236114502,0,0.42060218530993515
384,32,0,20447232,423936,48.231884057971016,12.0,147456,0.0,0.0,5.231537818908691,17.58649410039652,2.076907157897949,4.401613986313653,0.33202648162841797,1.0529058335426573,0.6334924697875977,2.1701795999736837,3.442263603210449,10.377845466913035,0.8237552642822266,3.985563199967146,1.7448806762695312,3.348708152770996,0,0.47185127190977433
384,32,1,20447232,211968,96.46376811594203,12.0,147456,0.0,0.0,5.776586532592773,20.418094000585068,1.9977664947509766,5.81167390725265,0.29604434967041016,1.7019813337052863,0.6472015380859375,3.991931399408107,4.128165245056152,11.37197100033518,0.7051753997802734,3.352210267136494,1.7017221450805664,4.109692573547363,0,0.34375061757299796
384,64,0,44040192,565248,77.91304347826087,6.0,147456,0.0,0.0,6.9275712966918945,19.473989000349928,2.4088001251220703,7.5131050184912365,0.814061164855957,3.171335800046412,0.9323406219482422,2.356830567199116,4.316964149475098,10.158075866638683,0.8642053604125977,3.787746766465716,1.5947389602661133,4.341769218444824,0,0.32061313121452945
384,64,1,44040192,282624,155.82608695652175,6.0,147456,0.0,0.0,5.981240272521973,21.655423133051954,2.17926025390625,6.634788649777571,0.47478199005126953,2.8057465329766273,0.7009553909301758,3.6962296668207273,4.014062881469727,11.777076433645561,0.7914400100708008,3.3763704996090382,1.7044782638549805,3.829042116800944,0,0.3284596343516246
384,128,0,100663296,884736,113.77777777777777,3.0,147456,0.0,0.0,7.818360328674316,20.769756833518237,2.606334686279297,9.629957080081414,1.1125946044921875,2.6673159998608753,1.4342641830444336,2.669454933493398,3.992753028869629,11.005865167438364,1.2787485122680664,4.427120732725598,1.4937400817871094,6.96264108022054,0,0.27064862954272506
384,128,1,100663296,442368,227.55555555555554,3.0,147456,0.0,0.0,6.634173393249512,21.843685434820753,2.323594093322754,10.313731633747619,0.6689119338989258,4.407555066669981,0.7576560974121094,3.8671595335472375,4.538865089416504,9.88334690046031,0.6687402725219727,3.685623934143223,1.6546821594238281,5.906176567077637,0,0.22529130830975946
384,256,0,251658240,1671168,150.58823529411765,1.5,147456,0.0,0.0,10.593552589416504,23.652866300350674,6.1626482009887695,18.968968957778998,3.777003288269043,5.488671233373073,1.4313983917236328,3.1952043995261192,3.4984970092773438,10.327780866646208,1.8866539001464844,4.641209800805275,2.3856449127197266,13.480297724405924,0,0.32488050429654614
384,256,1,251658240,835584,301.1764705882353,1.5,147456,0.0,0.0,6.589212417602539,27.679130565957166,3.515028953552246,17.910837923409417,1.350245475769043,7.975005899788812,1.123194694519043,4.292486166620317,3.316330909729004,10.218477333546616,0.7994413375854492,5.193161166001421,2.164783477783203,9.935832023620605,0,0.19625150808595687
384,384,0,452984832,2654208,170.66666666666666,1.0,147456,0.0,0.0,12.060837745666504,28.798417099945556,8.971729278564453,25.653099324942254,6.604528427124023,8.514475133658076,1.1928272247314453,3.730686000199057,2.7399635314941406,11.638854500294352,1.5235185623168945,4.9144014657940716,2.3672008514404297,17.13862419128418,0,0.349732761913931
384,384,1,452984832,1327104,341.3333333333333,1.0,147456,0.0,0.0,8.60929012298584,34.575880500293955,4.503417015075684,26.672764856872767,2.607884407043457,11.092976966756396,1.4498472213745117,4.59167413355317,3.3640289306640625,12.826743733603507,1.1875295639038086,6.064485666380885,1.8955326080322266,15.579787890116373,0,0.1688395274821046
384,512,0,704643072,3833856,183.7948717948718,0.75,147456,0.0,0.0,21.139225959777832,36.365412601541415,13.909730911254883,39.462044341295645,11.17685317993164,14.589590333829014,2.8281307220458984,4.373503166910571,4.27952766418457,11.135504300667284,2.8547143936157227,6.26681480013455,2.732877731323242,24.872454007466633,0,0.3524837890037754
384,512,1,704643072,1916928,367.5897435897436,0.75,147456,0.0,0.0,8.87110710144043,43.10464133353283,5.370345115661621,36.516383746250845,3.268771171569824,18.742691933099803,1.5093135833740234,5.103569233324379,2.719087600708008,11.274436333527168,1.3739347457885742,7.983943833581482,2.101573944091797,17.773691813151043,0,0.14706672908740578
384,768,0,1358954496,6782976,200.34782608695653,0.5,147456,0.0,0.0,22.260937690734863,42.91068640013691,18.13596248626709,56.909475510474294,14.652161598205566,20.939844633297373,1.6584491729736328,5.493506267278765,3.627181053161621,10.022525133293433,2.323145866394043,6.454810366267338,3.4838008880615234,35.96963087717692,0,0.3186808931832298
384,768,1,1358954496,3391488,400.69565217391306,0.5,147456,0.0,0.0,11.434311866760254,48.881019400626734,8.299560546875,47.68351638534416,6.101622581481934,23.316605133004487,0.8800363540649414,5.824156033728893,2.4952220916748047,10.302191966911778,1.9574308395385742,9.438066266981574,2.1979379653930664,24.36691125233968,0,0.17405512797764058
384,1024,0,2214592512,10518528,210.54205607476635,0.375,147456,0.0,0.0,32.33529567718506,64.60020166608349,27.69524574279785,86.09132585115731,23.06429386138916,37.78320766674975,2.142362594604492,6.98268916651917,2.7472734451293945,10.463417565915734,4.381365776062012,9.370887266898839,4.630951881408691,48.308118184407554,0,0.3216961229134741
384,1024,1,2214592512,5259264,421.0841121495327,0.375,147456,0.0,0.0,24.99241828918457,68.59171623267078,21.085824966430664,73.41818169613057,18.10370445251465,39.05717686672384,1.4585208892822266,6.855471400194801,2.850370407104492,10.533076065864103,2.579822540283203,12.145991899888031,2.9821205139160156,34.36100482940674,0,0.2872016778310102
384,1536,0,4529848320,20348928,222.6086956521739,0.25,147456,0.0,0.0,46.54329776763916,77.91933443319674,41.80498123168945,114.46447588774996,35.967774391174316,43.99566866729098,2.775444984436035,9.947822732889714,3.137979507446289,10.233772966118218,4.6620988845825195,13.742070066897819,5.837206840515137,70.46880722045898,0,0.3652223181687013
384,1536,1,4529848320,10174464,445.2173913043478,0.25,147456,0.0,0.0,33.81314277648926,103.80442883276069,26.72070026397705,116.38183602190111,23.101983070373535,63.755480532806054,1.7859125137329102,8.63013383350335,4.510221481323242,12.715752366542196,4.41502571105957,18.7030620999091,3.6187171936035156,52.626355489095054,0,0.22959510845789255
384,2048,0,7650410496,33325056,229.5693215339233,0.1875,147456,0.0,0.0,73.88024806976318,112.511540633083,63.00902843475342,164.9021000708065,55.260934829711914,74.41991279968836,3.1851625442504883,13.517905000480823,4.301233291625977,7.2296349331736565,11.132917404174805,17.344087899740163,7.748093605041504,90.48218727111816,0,0.38209961187697594
384,2048,1,7650410496,16662528,459.1386430678466,0.1875,147456,0.0,0.0,42.77863025665283,138.48771000048146,34.01793956756592,158.46020918882763,29.918317794799805,91.7929226338553,3.4522056579589844,10.083752533925386,4.44514274597168,12.310141999235688,4.962964057922363,24.300892833465088,4.099621772766113,66.66728655497234,0,0.21467811851130877
384,4096,0,28185722880,116686848,241.55012636899747,0.09375,147456,0.0,0.0,239.46986198425293,426.38765453399776,230.12884616851807,511.80368777034647,215.7994794845581,334.60704203365214,9.84074592590332,47.357831800278895,2.6395797729492188,5.6267822326238575,11.190056800842285,38.79599846744289,14.329366683959961,177.19664573669434,0,0.4496428057622362
384,4096,1,28185722880,58343424,483.10025273799494,0.09375,147456,0.0,0.0,113.644118309021,242.91101936735987,107.9396104812622,277.9750329257998,100.36810874938965,158.6106203001691,4.766020774841309,20.988049000152387,3.408222198486328,13.449865167300837,5.101766586303711,49.86248489973756,7.571501731872559,119.36441262563069,0,0.3883068538391887
384,33,0,21136896,428166,49.36612435363854,11.636363636363637,147456,0.0,0.484375,4.38812255859375,20.38650226701672,1.8708324432373047,6.7170469973158715,0.2734231948852539,2.635877233115025,0.5717658996582031,2.4462872669876865,2.735147476196289,11.05846110052274,0.8077859878540039,4.245876666391268,1.5974092483520508,4.081169764200847,0,0.2785200764539668
384,33,1,21136896,214083,98.73224870727708,11.636363636363637,147456,0.0,0.484375,5.259218215942383,14.42095176704849,2.139277458190918,6.004130842241769,0.3471660614013672,1.5666763007175177,0.8631181716918945,3.836311399936676,3.76953125,7.433223466311271,0.2794027328491211,1.5847406000830233,1.7921113967895508,4.437454541524251,0,0.35630093920341244
384,65,0,44828160,569862,78.66493993282585,5.907692307692308,147456,0.0,0.3229166666666667,6.429128646850586,18.61382883410746,3.28125,6.844322148632879,0.8516025543212891,1.7549676335571955,1.0520029067993164,3.131980433439215,3.362269401550293,9.798673032976998,1.1632537841796875,3.9282077341340482,2.429647445678711,5.089354515075684,0,0.47941197517352596
384,65,1,44828160,284931,157.3298798656517,5.907692307692308,147456,0.0,0.3229166666666667,5.96095085144043,22.40786030112455,2.0400476455688477,6.692408035936145,0.5584430694580078,2.7620062338731564,0.7244729995727539,4.258458900343006,4.027576446533203,11.764004733413458,0.6504583358764648,3.623390433494933,1.4816045761108398,3.9304018020629883,0,0.30483013507461404
384,129,0,101647872,890118,114.19595154799701,2.9767441860465116,147456,0.0,0.19375,5.451269149780273,16.04796423246929,2.378363609313965,17.18871267803479,0.6567478179931641,2.9277610000766194,0.6758403778076172,2.884671233672028,2.881169319152832,7.975480432893771,1.2375116348266602,2.2600515658268705,1.7216157913208008,14.26095167795817,0,0.13836775643781873
384,129,1,101647872,445059,228.39190309599402,2.9767441860465116,147456,0.0,0.19375,6.8438005447387695,22.273110467358496,2.715730667114258,10.67178645656289,1.0871410369873047,4.217708100137922,0.9554815292358398,4.071594033545504,3.8696908950805664,10.23269446741324,0.9314870834350586,3.7511138662618273,1.6285896301269531,6.454078356424968,0,0.2544776058036796
384,257,0,253036032,1678086,150.78847687186473,1.4941634241245136,147456,0.0,0.1076388888888889,11.670866012573242,25.29144566700173,8.675312995910645,18.57669173332397,5.25968074798584,5.640044000271398,1.3078975677490234,3.237993732909672,2.669186592102051,11.674340566969477,2.434101104736328,4.739067366851184,3.4156322479248047,12.936647733052572,0,0.4669998899937794
384,257,1,253036032,839043,301.57695374372946,1.4941634241245136,147456,0.0,0.1076388888888889,8.228206634521484,26.946248867898248,4.711136817932129,18.477146184886806,1.9429969787597656,8.267800367320888,1.153249740600586,4.473518900340423,3.9075183868408203,8.804508499451913,1.2244415283203125,5.4004211007850245,2.7681398391723633,10.209345817565918,0,0.25497102045907694
384,385,0,454755840,2662662,170.7899237680186,0.9974025974025974,147456,0.0,0.07451923076923077,16.710758209228516,27.594845599378463,11.626715660095215,27.963541957433335,8.637518882751465,9.818926466202052,1.8092060089111328,3.958259833355745,4.4675397872924805,9.822707066390043,1.7964935302734375,3.994952233430619,2.98919677734375,18.14461549123128,0,0.4157812224858222
384,385,1,454755840,1331331,341.5798475360372,0.9974025974025974,147456,0.0,0.07451923076923077,7.633638381958008,32.10513203424246,3.7645673751831055,25.285089063496947,2.0153045654296875,11.804807233662965,1.415414810180664,4.776002900325693,3.36031436920166,10.688681699684821,0.8426046371459961,4.835640200568984,1.749262809753418,13.480281829833984,0,0.148884877001199
384,513,0,706807296,3843846,183.8802324546821,0.7485380116959064,147456,0.0,0.05698529411764706,17.12754249572754,35.07503160120299,12.422628402709961,38.410666343406774,9.053144454956055,13.768230633771358,1.8056583404541016,4.594903366523795,3.1690454483032227,10.481162267387845,3.09969425201416,6.230735333519988,3.3694839477539062,24.642435709635418,0,0.32341611290068956
384,513,1,706807296,1921923,367.7604649093642,0.7485380116959064,147456,0.0,0.05698529411764706,12.406401634216309,44.20310130129413,8.907623291015625,35.735347161729194,5.8356428146362305,18.376042733628612,1.7162370681762695,5.142372899960416,3.199925422668457,12.86790823408713,1.6545963287353516,7.816777433617972,3.0719804763793945,17.359304428100586,0,0.2492664546031122
384,769,0,1361905152,6796038,200.39693009368105,0.49934980494148246,147456,0.0,0.03875,21.731276512145996,40.716541634174064,17.149462699890137,57.33744179306086,13.657221794128418,20.129266133881174,1.611008644104004,5.711299833880427,3.5977745056152344,8.658001600027395,2.86527156829834,6.217974066385068,3.4922409057617188,37.20817565917969,0,0.29909710240971393
384,769,1,1361905152,3398019,400.7938601873621,0.49934980494148246,147456,0.0,0.03875,19.219975471496582,53.05117969886245,13.442983627319336,51.86154487212964,11.025986671447754,27.68327039957512,2.345089912414551,5.803108666441403,3.6890316009521484,10.193757999998828,2.159867286682129,9.371042632847093,2.416996955871582,24.178274472554524,0,0.2592090856619195
384,1025,0,2218329600,10534662,210.5743497038633,0.3746341463414634,147456,0.0,0.029356060606060608,30.462231636047363,53.19890810060315,26.10210418701172,74.82599024466859,21.57630443572998,26.773925666930154,1.9251108169555664,6.70316183338097,2.644491195678711,10.786339599872008,4.3163251876831055,8.935481000420017,4.525799751281738,48.05206457773844,0,0.348837403977711
384,1025,1,2218329600,5267331,421.1486994077266,0.3746341463414634,147456,0.0,0.029356060606060608,18.210201263427734,67.61501409928314,13.005290031433105,70.50996273270964,9.124712944030762,38.4482587328724,2.43344783782959,6.665750000198993,3.6103105545043945,11.328154966273965,3.0417299270629883,11.172850399937792,3.8805770874023438,32.06170399983724,0,0.18444613395604503
384,1537,0,4535158272,20371206,222.6259099240369,0.2498373454782043,147456,0.0,0.019770408163265307,49.009761810302734,80.28773906698915,45.412092208862305,121.15196043547863,39.57393169403076,50.35084539946789,2.2632312774658203,10.062540334183723,3.19305419921875,7.107249399996363,3.9795446395874023,12.76710393334118,5.838160514831543,70.80111503601074,0,0.37483580162986485
384,1537,1,4535158272,10185603,445.2518198480738,0.2498373454782043,147456,0.0,0.019770408163265307,27.97916889190674,100.53326226673863,22.504959106445312,111.0869216179708,18.088326454162598,62.38398226657106,3.001103401184082,8.750869199866429,3.3861923217773438,11.329787200277982,3.503546714782715,18.068623600023177,4.416632652282715,48.70293935139974,0,0.20258873662770244
384,2049,0,7657293312,33353478,229.58005494959176,0.18740849194729137,147456,0.0,0.014903846153846155,72.97271251678467,100.52383579992843,67.1208667755127,150.7370648876531,59.59760665893555,61.73401853399506,2.879338264465332,12.580871299724095,2.838597297668457,8.001416466625718,7.657170295715332,18.20752949958357,7.523260116577148,89.00304635365804,0,0.44528442175478883
384,2049,1,7657293312,16676739,459.1601098991835,0.18740849194729137,147456,0.0,0.014903846153846155,45.917744636535645,134.87919916709265,40.05619525909424,152.74993861967232,35.23521900177002,88.4512373333564,3.417973518371582,10.72825440011608,3.4159183502197266,11.216193566603275,3.8486337661743164,24.48351386701688,4.820976257324219,64.29870128631592,0,0.2622337895586918
384,4097,0,28198897152,116739846,241.55331806759452,0.09372711740297779,147456,0.0,0.0075096899224806205,255.71032524108887,534.9461845326005,253.5045623779297,607.599010373815,240.10820388793945,451.4980299330394,5.041346549987793,40.23479113335876,2.168455123901367,3.8954313330274695,8.392319679260254,39.317932133174814,13.396358489990234,156.10098044077554,0,0.4172234616082823
384,4097,1,28198897152,58369923,483.10663613518904,0.09372711740297779,147456,0.0,0.0075096899224806205,129.1670322418213,257.8253191003265,125.48464775085449,305.597200995544,116.64787292480469,182.54953126694696,3.8794422149658203,18.134689466872562,3.3396387100219727,6.875762166843439,5.300078392028809,50.26533619966358,8.836774826049805,123.047669728597,0,0.4106210637468641
512,32,0,35651584,694272,51.35103244837758,16.0,262144,0.0,0.0,6.410765647888184,30.09129663211449,2.082672119140625,7.848448599300657,0.35352230072021484,1.2231459666509181,1.114969253540039,5.709121566421042,4.018082618713379,18.37922523263842,0.9241914749145508,4.779803866404109,1.7291498184204102,6.625302632649739,0,0.2653609936779357
512,32,1,35651584,347136,102.70206489675516,16.0,262144,0.0,0.0,7.454996109008789,33.268634299747646,2.786836624145508,8.850978340099877,0.35957813262939453,2.652047599743431,1.0432863235473633,7.959348432874928,5.317025184631348,18.60455353356277,0.7351064682006836,4.052684733566518,2.4272584915161133,6.198930740356445,0,0.3148619866709628
512,64,0,75497472,876544,86.13084112149532,8.0,262144,0.0,0.0,7.929043769836426,23.54636493352397,3.9298439025878906,8.596906684882319,0.8046627044677734,2.192347867336745,1.0088682174682617,6.286683499153393,4.798383712768555,11.65462726688323,1.317129135131836,3.412706300150603,3.125181198120117,6.404558817545573,0,0.45712301489773416
512,64,1,75497472,438272,172.26168224299064,8.0,262144,0.0,0.0,8.097290992736816,26.542614166586038,3.1210803985595703,10.43645070749335,0.6413030624389648,3.0226024663231024,1.0503482818603516,8.366472133396504,5.610780715942383,12.690237500161553,0.7948589324951172,2.463302066704879,2.4797773361206055,7.413848241170247,0,0.2990557313051497
512,128,0,167772160,1277952,131.28205128205127,4.0,262144,0.0,0.0,8.25960636138916,29.936843866016712,3.749690055847168,13.88518404273782,1.471085548400879,3.995478066887396,1.8928718566894531,5.852139866328798,3.8130903244018555,14.967823299230076,1.0825586318969727,5.121402633570445,2.278604507446289,9.889705975850424,0,0.27004971949279405
512,128,1,167772160,638976,262.56410256410254,4.0,262144,0.0,0.0,8.131451606750488,29.355116667769227,4.0322160720825195,14.699569266910355,1.1337471008300781,5.389673433577021,1.2792587280273438,8.710743166739121,4.839491844177246,12.527084200216146,0.8789539337158203,2.7276158672369397,2.8984689712524414,9.309895833333334,0,0.2743084507353075
512,256,0,402653184,2228224,180.7058823529412,2.0,262144,0.0,0.0,13.575305938720703,35.60055776809653,7.668848037719727,25.549502374875978,4.593906402587891,8.967434567360518,2.970428466796875,7.78767973339806,3.758664131164551,12.707615733961575,2.2523069381713867,6.1378277333763736,3.074941635131836,16.58206780751546,0,0.30015645413355935
512,256,1,402653184,1114112,361.4117647058824,2.0,262144,0.0,0.0,10.070915222167969,38.117686133288466,4.1901397705078125,25.495379176572897,1.4982986450195312,10.902850833372213,1.551661491394043,8.60067846660968,5.656538009643555,12.836899000103585,1.3644170761108398,5.777257833202991,2.6918411254882812,14.592528343200684,0,0.1643489881632368
512,384,0,704643072,3375104,208.7766990291262,1.3333333333333333,262144,0.0,0.0,15.7731294631958,49.90068863456448,10.720205307006836,40.03681662337234,7.052302360534668,15.494469033243755,1.974039077758789,7.953563800159221,4.375443458557129,19.739446733728983,2.371344566345215,6.71320906743252,3.667902946472168,24.542347590128582,0,0.2677586834101263
512,384,1,704643072,1687552,417.5533980582524,1.3333333333333333,262144,0.0,0.0,14.216256141662598,47.736815166232795,7.870450019836426,35.29508212232031,4.891214370727539,17.321078966294106,1.8237113952636719,9.752681399307525,5.426931381225586,13.77872410036313,2.074398994445801,6.884330700268038,2.9792356491088867,17.974003156026203,0,0.22298999029270483
512,512,0,1073741824,4718592,227.55555555555554,1.0,262144,0.0,0.0,18.34930419921875,54.64389096693291,14.276394844055176,58.062008186243474,9.781675338745117,23.617032333277166,1.9947576522827148,9.0532934331956,3.907895088195801,12.771633933880366,2.664976119995117,9.201931266579777,4.494719505310059,34.44497585296631,0,0.2458818647515822
512,512,1,1073741824,2359296,455.1111111111111,1.0,262144,0.0,0.0,14.482340812683105,63.78778803239887,8.592085838317871,49.71554992177214,6.113858222961426,25.76318500020231,1.9793176651000977,10.194417032956457,5.113115310668945,17.095164766457554,1.2760496139526367,10.735021232782552,2.4782276153564453,23.952364921569824,0,0.17282491799522676
512,768,0,2013265920,7995392,251.80327868852459,0.6666666666666666,262144,0.0,0.0,25.756535530090332,76.38953566687027,21.92678928375244,89.84767248427185,15.901966094970703,40.84556549981547,1.9086074829101562,10.632765000142777,3.5608291625976562,12.635888233004758,4.385132789611816,12.275316933907257,6.024823188781738,49.00210698445638,0,0.24404404340680946
512,768,1,2013265920,3997696,503.60655737704917,0.6666666666666666,262144,0.0,0.0,20.06932258605957,74.77246116807996,11.53958797454834,74.24091622330404,7.549338340759277,38.04262603419678,2.5928354263305664,11.416049266699702,7.262215614318848,12.838468900493657,2.664933204650879,12.475316966689812,3.9902496337890625,36.19829018910726,0,0.15543434216031526
512,1024,0,3221225472,12058624,267.1304347826087,0.5,262144,0.0,0.0,41.50312423706055,103.64918380024999,34.33152675628662,120.52119184518233,27.876930236816406,57.33997433368737,3.193392753601074,12.16188559968335,4.808998107910156,18.554638299974613,5.62380313873291,15.592685566904644,6.454596519470215,63.18121751149496,0,0.28485883877075996
512,1024,1,3221225472,6029312,534.2608695652174,0.5,262144,0.0,0.0,32.98442840576172,101.92461159992186,26.37747287750244,102.85459730560737,22.71836280822754,55.138043299666606,1.844949722290039,12.303239999649426,5.071001052856445,16.483594333597768,3.3501148223876953,17.99973396700807,3.6591100692749023,47.71655400594076,0,0.2564539998064278
512,1536,0,6442450944,22544384,285.7674418604651,0.3333333333333333,262144,0.0,0.0,74.00354862213135,170.38246519999421,66.80609703063965,200.22302306703446,56.51362419128418,114.28508596630611,6.014752388000488,18.643830800040934,4.410533905029297,14.29496603377629,7.064638137817383,23.15858239987089,10.292472839355469,85.93793710072835,0,0.3336584175350955
512,1536,1,6442450944,11272192,571.5348837209302,0.3333333333333333,262144,0.0,0.0,31.88448429107666,145.09069176856428,25.971927642822266,150.71409855542396,21.144309043884277,86.13605016726069,3.4613943099975586,15.660674934042618,3.914027214050293,16.293919933377765,3.3647537231445312,27.00004673388321,4.827618598937988,64.57804838816325,0,0.17232580025200023
512,2048,0,10737418240,36175872,296.81159420289856,0.25,262144,0.0,0.0,89.72640991210938,207.86747953291828,86.3722562789917,259.9850918748416,73.56346607208252,142.094257066492,4.304900169372559,25.961171499996755,4.340400695800781,11.683376300303886,7.517642974853516,28.128674666125637,12.80879020690918,117.89083480834961,0,0.33222003483404283
512,2048,1,10737418240,18087936,593.6231884057971,0.25,262144,0.0,0.0,46.873226165771484,187.54327589995228,42.0723295211792,202.26028197212145,35.96693992614746,116.21884736620511,3.449854850769043,18.014503266507138,3.358578681945801,18.241916333014768,4.09785270690918,35.06800893422527,6.105389595031738,86.04143460591634,0,0.20801083193871073
512,4096,0,38654705664,122159104,316.42918454935625,0.125,262144,0.0,0.0,325.0630474090576,656.9384339003591,322.823429107666,746.0124252509559,290.4424571990967,518.0583872667436,13.51229190826416,52.60118099977262,4.706530570983887,8.810979934060015,16.40176773071289,77.46788569978283,32.380971908569336,227.95403798421225,0,0.43273197359825394
512,4096,1,38654705664,61079552,632.8583690987125,0.125,262144,0.0,0.0,155.91992855072021,355.86911173304543,149.03252601623535,402.6694204483647,138.03716659545898,247.8266225332239,6.049566268920898,36.1551923667624,4.945707321166992,14.158392566605471,6.88748836517334,57.72890426645366,10.995359420776367,154.84279791514078,0,0.3701113579727273
512,33,0,36833280,699782,52.635363584659224,15.515151515151516,262144,0.0,0.484375,7.547512054443359,33.53201169714642,2.4167346954345703,7.743735020630993,0.2618217468261719,1.396531765931286,1.0621023178100586,5.596771799415971,5.1160478591918945,21.836570199229755,1.1075401306152344,4.70213793256941,2.1549129486083984,6.347203254699707,0,0.3120890228030613
512,33,1,36833280,349891,105.27072716931845,15.515151515151516,262144,0.0,0.484375,7.765460014343262,27.622827933131095,2.7747201919555664,8.654041236150078,0.3696775436401367,2.5435319994964325,0.9527301788330078,8.067327300280644,5.692481994628906,12.77241806674283,0.7505702972412109,4.23955056661119,2.4050426483154297,6.1105092366536455,0,0.32062710544582007
512,65,0,76810240,882438,87.04321436746831,7.876923076923077,262144,0.0,0.3229166666666667,8.877530097961426,25.478158434270878,3.2082176208496094,12.479999619730128,0.9869194030761719,2.5613337338048345,2.640352249145508,5.904447666641015,4.248871803283691,13.383919700087668,1.0013866424560547,3.6284573337373636,2.2212982177734375,9.918665885925293,0,0.25706872745233184
512,65,1,76810240,441219,174.08642873493662,7.876923076923077,262144,0.0,0.3229166666666667,8.18216323852539,26.351616900259007,3.273167610168457,7.656172477679017,0.44445037841796875,1.7196690673396613,0.8385038375854492,8.615648433139237,6.150016784667969,13.424051099961313,0.7491922378540039,2.5922482998187966,2.8287172317504883,5.9365034103393555,0,0.4275200982881624
512,129,0,169347072,1284614,131.8272041251302,3.9689922480620154,262144,0.0,0.19375,11.386213302612305,28.70797423335413,5.543208122253418,15.746876241367621,2.599153518676758,5.465710800490342,3.2653427124023438,6.859452232796078,4.103479385375977,12.227904066094197,1.4182376861572266,4.154907133973514,2.94405460357666,10.28116544087728,0,0.35201953944943104
512,129,1,169347072,642307,263.6544082502604,3.9689922480620154,262144,0.0,0.19375,8.684988021850586,35.79947579904304,3.7783098220825195,14.296779280994087,1.26983642578125,5.726887033476184,1.2583446502685547,8.035486399118478,5.300273895263672,17.539868633806083,0.8565330505371094,4.497233732642296,2.5084733963012695,8.569892247517904,0,0.2642769918890295
512,257,0,404752384,2236422,180.98211518219728,1.9922178988326849,262144,0.0,0.1076388888888889,13.094534873962402,33.79008279977521,6.4337158203125,27.758858539164066,2.8525257110595703,9.110583799580732,1.8259286880493164,7.199523233187695,4.880399703979492,11.665324367155941,3.5356807708740234,5.814651399850845,3.5811901092529297,18.648274739583332,0,0.2317716274693133
512,257,1,404752384,1118211,361.96423036439455,1.9922178988326849,262144,0.0,0.1076388888888889,10.820488929748535,38.49405836663209,5.276885032653809,26.34982072534816,2.44417667388916,11.452704700059257,1.6184043884277344,8.876067799671242,5.081644058227539,12.703237633104436,1.6762638092041016,5.4620482337971525,2.8327083587646484,14.8971160252889,0,0.20026265406722554
512,385,0,707266560,3384838,208.9513766980872,1.3298701298701299,262144,0.0,0.07451923076923077,16.718859672546387,50.75341613361768,11.670470237731934,40.87893764468996,7.428464889526367,15.392007433304874,2.328476905822754,9.168332267048148,4.699745178222656,18.77334860037081,2.2621726989746094,7.419727832893841,4.242005348205566,25.48693021138509,0,0.28548858923803
512,385,1,707266560,1692419,417.9027533961744,1.3298701298701299,262144,0.0,0.07451923076923077,15.16019344329834,47.16036376679161,8.151030540466309,35.35964620532468,5.107564926147461,17.70667366605873,2.041463851928711,9.397530066780746,6.315217018127441,12.737760666641407,1.6959476470947266,7.318399367310728,3.0434656143188477,17.65297253926595,0,0.23051787603120516
512,513,0,1076889600,4729862,227.6788625122678,0.9980506822612085,262144,0.0,0.05698529411764706,21.951265335083008,61.11055120030263,16.599555015563965,61.165728539344855,9.092020988464355,25.544689466672327,2.605905532836914,8.798573233070783,5.545978546142578,17.811045333898317,4.70736026763916,8.956243166661201,7.507534027099609,35.621039072672524,0,0.2713865331447217
512,513,1,1076889600,2364931,455.3577250245356,0.9980506822612085,262144,0.0,0.05698529411764706,13.293499946594238,62.77577079987774,9.05299186706543,49.264514547151826,5.5347394943237305,25.396510066154104,1.298079490661621,9.999727399554104,5.002293586730957,17.24946710067646,1.4583873748779297,10.130066233493077,3.518252372741699,23.868004480997723,0,0.18376293667525478
512,769,0,2017462272,8009734,251.87631349555429,0.6657997399219766,262144,0.0,0.03875,23.917322158813477,78.09527166634022,20.668787956237793,82.47298899611147,15.085368156433105,33.638410799903795,1.732320785522461,11.050353466998786,3.442502021789551,21.51813093320622,3.6571311950683594,11.88837646623142,5.5834197998046875,48.83457819620768,0,0.25061281527231066
512,769,1,2017462272,4004867,503.75262699110857,0.6657997399219766,262144,0.0,0.03875,19.401917457580566,73.19318103254773,14.576597213745117,71.81125525482155,9.057402610778809,36.59689469980852,2.2438907623291016,11.20419003321634,5.308952331542969,12.900628100032918,2.7916717529296875,12.49146819948995,5.519194602966309,35.21436055501302,0,0.20298485470028624
512,1025,0,3226470400,12076038,267.17955011403575,0.4995121951219512,262144,0.0,0.029356060606060608,38.89277935028076,94.13868399957818,33.7966251373291,119.00428885322376,27.485084533691406,55.02134913306994,2.4452972412109375,12.358591900556348,3.7499380111694336,11.659788466446722,5.212459564208984,15.09895449950515,6.311540603637695,63.98293972015381,0,0.2839950178519433
512,1025,1,3226470400,6038019,534.3591002280715,0.4995121951219512,262144,0.0,0.029356060606060608,29.325995445251465,99.03657539883473,22.653136253356934,97.53752522810828,17.198691368103027,52.194801699564174,2.534623146057129,12.46943733325073,5.083837509155273,16.729752433214646,4.508843421936035,17.642583932805184,5.454444885253906,45.342723528544106,0,0.2322504718094772
512,1537,0,6449793024,22567942,285.79447004959513,0.33311646063760575,262144,0.0,0.019770408163265307,72.94424533843994,167.84279499940263,64.84588623046875,197.1373069070978,55.76650619506836,107.65150266718895,3.2721471786499023,17.1388860665805,6.765265464782715,17.761851832619868,7.140326499938965,25.290554433013313,9.07938003540039,89.48580423990886,0,0.328937669119259
512,1537,1,6449793024,11283971,571.5889400991903,0.33311646063760575,262144,0.0,0.019770408163265307,40.52074432373047,143.95281526570517,33.2499885559082,150.66967604022165,26.839075088500977,87.64310476641792,3.427882194519043,15.02299350007282,5.593757629394531,15.943077933237268,4.660029411315918,25.343639065977186,6.410913467407227,63.02657127380371,0,0.2206813569243491
512,2049,0,10746857472,36205574,296.8288107240062,0.24987798926305516,262144,0.0,0.014903846153846155,97.419753074646,222.14832130024053,91.06422901153564,287.30626952698606,79.53417778015137,167.84654510071655,4.15614128112793,15.912527466813723,4.956841468811035,12.128869466444788,8.772592544555664,26.26037926626547,11.530051231384277,119.45972442626953,0,0.3169587254794737
512,2049,1,10746857472,18102787,593.6576214480124,0.24987798926305516,262144,0.0,0.014903846153846155,53.61895561218262,174.578466200425,46.51298522949219,193.7756690895185,39.500160217285156,110.41526730017115,3.9281654357910156,18.0952800331094,5.003938674926758,13.478024067201963,5.1866912841796875,32.58989479994246,7.012825012207031,83.36040178934734,0,0.24003521932366337
512,4097,0,38672533504,122213382,316.4345251815386,0.12496948987063705,262144,0.0,0.0075096899224806205,352.72796154022217,782.2161367997372,350.93056201934814,863.1932886181554,323.8984489440918,669.651197566418,9.758939743041992,54.27506516668169,4.832701683044434,7.9491020665348815,14.237871170043945,50.34077200010264,27.032113075256348,193.54209105173746,0,0.4065492244282112
512,4097,1,38672533504,61106691,632.8690503630772,0.12496948987063705,262144,0.0,0.0075096899224806205,178.78406047821045,369.1426312987459,169.63897705078125,396.49238100197783,155.40284156799316,244.73735799935335,6.535391807556152,36.835082233301364,7.9140520095825195,15.951215266250074,8.931775093078613,71.61897579984118,14.236135482788086,151.7550230026245,0,0.42784927322458444
768,32,0,78643200,1431552,54.93562231759657,24.0,589824,0.0,0.0,8.060846328735352,57.85889826559772,3.181447982788086,12.032455726875924,0.5953645706176758,2.0296757662435994,1.492009162902832,19.417841966302756,4.771895408630371,29.720407333419036,1.2015771865844727,6.690973199632329,2.58608341217041,10.002779960632324,0,0.2644055423933074
768,32,1,78643200,715776,109.87124463519314,24.0,589824,0.0,0.0,9.265618324279785,68.44078203333386,4.04329776763916,14.211180483107455,0.3908538818359375,3.2331731665180996,1.4406442642211914,16.10095876676496,6.379961967468262,42.59873073315248,1.0541582107543945,6.507919366898325,3.6524438858032227,10.978007316589355,0,0.28451526405180394
768,64,0,163577856,1695744,96.46376811594203,12.0,589824,0.0,0.0,9.670367240905762,60.57191906729713,3.762216567993164,19.507178273246,0.7660198211669922,3.497720367158763,2.0531463623046875,17.94939606722134,5.495057106018066,32.02119996615996,1.3561439514160156,7.1036026667570695,2.996196746826172,16.00945790608724,0,0.19286318683789472
768,64,1,163577856,847872,192.92753623188406,12.0,589824,0.0,0.0,8.254480361938477,71.9201161332118,3.1981849670410156,15.771647969571253,0.627899169921875,3.7044968999301395,1.6583442687988281,11.590793700694727,4.820828437805176,50.16252376663033,1.1474084854125977,6.462301765956606,2.5702857971191406,12.067151069641113,0,0.20278064620839728
768,128,0,352321536,2260992,155.82608695652175,6.0,589824,0.0,0.0,12.111968994140625,67.44300880042526,4.369363784790039,23.456352225427207,1.5418815612792969,6.468631100142375,2.5808143615722656,20.0562457330913,5.466823577880859,31.5411928332954,2.522449493408203,9.376939133896181,2.827482223510742,16.987721125284832,0,0.18627635460101727
768,128,1,352321536,1130496,311.6521739130435,6.0,589824,0.0,0.0,9.985580444335938,77.77002759976313,3.916006088256836,22.461029184826963,0.8547592163085938,7.673847966361791,2.175440788269043,16.76443666704775,5.777730941772461,46.44671706676794,1.1776494979858398,6.885025899585647,3.061246871948242,14.78718121846517,0,0.1743466898169655
768,256,0,805306368,3538944,227.55555555555554,3.0,589824,0.0,0.0,16.26804828643799,89.08593389884724,8.951330184936523,57.892954133179344,3.942861557006836,21.895475965963367,2.592940330505371,22.31979176673728,6.224675178527832,32.85882329995123,3.507571220397949,12.011842866195366,5.0084686279296875,35.99747816721598,0,0.15461864606778422
768,256,1,805306368,1769472,455.1111111111111,3.0,589824,0.0,0.0,10.713133811950684,85.64584129975022,6.793184280395508,37.471596951945685,3.060307502746582,13.91887719995187,2.2486257553100586,17.56520489968049,3.993716239929199,44.216144233359955,1.4104843139648438,9.945614966757907,3.732876777648926,23.552719751993816,0,0.18128889166659273
768,384,0,1358954496,5013504,271.05882352941177,2.0,589824,0.0,0.0,25.318307876586914,101.20319336516938,14.606919288635254,71.87427976168692,7.7556610107421875,31.1380415999641,4.36826229095459,23.132256099294562,9.314651489257812,32.86629586655181,3.879733085632324,14.066599799358906,6.851258277893066,40.73623816172282,0,0.20322873964187635
768,384,1,1358954496,2506752,542.1176470588235,2.0,589824,0.0,0.0,18.869385719299316,86.90817379877747,9.818735122680664,56.06652197408645,6.189823150634766,23.592107466538437,3.61783504486084,18.380741499519598,5.545206069946289,33.276376732586264,3.516521453857422,11.658948100133179,3.6289119720458984,32.47441450754801,0,0.17512652429588577
768,512,0,2013265920,6684672,301.1764705882353,1.5,589824,0.0,0.0,24.68569278717041,127.27805213265431,18.325161933898926,104.1477087807531,10.59363842010498,52.449429399954774,4.950900077819824,23.08894286688883,5.8031463623046875,32.308945499244146,3.338007926940918,19.430734366566565,7.731523513793945,51.69827938079834,0,0.1759535773607483
768,512,1,2013265920,3342336,602.3529411764706,1.5,589824,0.0,0.0,18.67354393005371,121.69997326758069,10.215272903442383,78.04533347177008,6.192255020141602,36.67306606657803,2.7428722381591797,19.402101866823312,5.569524765014648,48.374995733805314,4.168891906738281,17.24980960037404,4.023017883300781,41.372267405192055,0,0.1308889647724725
768,768,0,3623878656,10616832,341.3333333333333,1.0,589824,0.0,0.0,40.54787635803223,172.64805820013862,33.24818134307861,166.1989984480897,20.15535831451416,92.71639760020965,6.584367752075195,24.130107832994934,7.110424041748047,31.25424586663333,6.697726249694824,24.547306900300708,13.092823028564453,73.48260084788005,0,0.20005043143183135
768,768,1,3623878656,5308416,682.6666666666666,1.0,589824,0.0,0.0,23.14323902130127,143.36524726822972,16.910595893859863,108.50527654984035,11.361513137817383,54.873939066116385,2.9056596755981445,21.19700210071945,5.794215202331543,45.718572434270754,3.081851005554199,21.57573366712313,5.5490827560424805,53.63133748372396,0,0.15585044738439263
768,1024,0,5637144576,15335424,367.5897435897436,0.75,589824,0.0,0.0,56.207566261291504,227.96736686626295,52.35025882720947,226.17333041853271,39.38080310821533,135.51344183312418,5.208745002746582,26.89263539990255,3.4654760360717773,31.47413966653403,8.152542114257812,34.08714996670218,12.96945571899414,90.65988858540852,0,0.23146079482640838
768,1024,1,5637144576,7667712,735.1794871794872,0.75,589824,0.0,0.0,50.766029357910156,171.70542713429313,41.109604835510254,153.05662982476252,34.83646869659424,84.36970743350685,3.914942741394043,23.17991610034369,4.355626106262207,34.861920533391334,7.658991813659668,29.293883067051258,6.273136138916016,68.68692239125569,0,0.26859081427950837
768,1536,0,10871635968,27131904,400.69565217391306,0.5,589824,0.0,0.0,115.82177639007568,371.2143352332836,106.52201652526855,381.5954588848399,82.53114223480225,250.48860539973248,13.761005401611328,35.41106563352514,5.565328598022461,29.4526032996752,13.964300155639648,55.86206090035072,23.99087429046631,131.10685348510742,0,0.2791490675401758
768,1536,1,10871635968,13565952,801.3913043478261,0.5,589824,0.0,0.0,47.729926109313965,231.1384503002046,40.46805381774902,211.33734102768358,30.738558769226074,116.15615403376675,4.402809143066406,27.275595333776437,6.233539581298828,45.60087943294396,6.355018615722656,42.10582149971742,9.72949504852295,95.18118699391682,0,0.19148558234414437
768,2048,0,17716740096,42074112,421.0841121495327,0.375,589824,0.0,0.0,102.4653959274292,551.7358918994432,107.40424633026123,551.3494630877783,70.5959415435791,391.8522735659887,10.185403823852539,50.307452233391814,3.5610580444335938,32.791382133533865,18.122992515563965,76.78478396652888,36.80830478668213,159.49718952178955,0,0.1948024864824468
768,2048,1,17716740096,21037056,842.1682242990654,0.375,589824,0.0,0.0,69.79588031768799,282.82454550111044,62.92737007141113,285.1394039976488,50.00150203704834,163.6788390664151,6.060528755187988,30.963562034109298,5.44339656829834,34.81169833394233,8.29045295715332,53.37044606664373,12.925868034362793,121.46056493123372,0,0.22068984219357496
768,4096,0,61203283968,133300224,459.1386430678466,0.1875,589824,0.0,0.0,503.8853931427002,1391.4895354333567,505.56771755218506,1350.4126293788431,434.14175510406494,1008.1706507335184,29.316558837890625,152.6460755005246,6.148653030395508,31.64167433278635,34.27842617034912,199.03113486652728,71.42596244812012,342.2419786453247,0,0.3743801757724481
768,4096,1,61203283968,66650112,918.2772861356932,0.1875,589824,0.0,0.0,237.0421266555786,506.3956173340557,231.44047260284424,522.1653453355733,205.3751039505005,302.1095585669779,10.916452407836914,65.6961779333263,3.9909744262695312,35.814376300550066,16.75959587097168,102.77550453320146,26.06536865234375,220.05578676859537,0,0.4432321575345207
768,33,0,81202176,1439622,56.40520636667125,23.272727272727273,589824,0.0,0.484375,10.247335433959961,59.48525450075976,2.9582834243774414,13.102730336443832,0.37376880645751953,1.6658308333717287,1.660761833190918,19.15301510016434,6.550617218017578,31.900260800224107,1.6621875762939453,6.76614776699959,2.584514617919922,11.436899503072103,0,0.22577610531671363
768,33,1,81202176,719811,112.8104127333425,23.272727272727273,589824,0.0,0.484375,9.417710304260254,67.10366753298634,4.729728698730469,13.377805913720902,0.5255460739135742,1.447141533329462,1.9589614868164062,16.452368066529743,5.817551612854004,42.68347779967977,1.1156511306762695,6.520680133447361,4.2041826248168945,11.93066438039144,0,0.35355040499424784
768,65,0,166333440,1704198,97.60218002837698,11.815384615384616,589824,0.0,0.3229166666666667,10.937371253967285,60.31832216637365,2.855038642883301,20.322597272267256,0.53497314453125,3.1105640004777038,1.2176895141601562,18.15189686603844,7.022247314453125,32.03888463322073,2.162461280822754,7.016976666636765,2.320065498352051,17.21203327178955,0,0.14048591351949688
768,65,1,166333440,852099,195.20436005675396,11.815384615384616,589824,0.0,0.3229166666666667,8.935422897338867,68.64467226647926,4.154572486877441,20.90104876551777,0.7609844207763672,3.6576157668605447,1.898941993713379,15.7535297999857,4.8223114013671875,42.46843863317432,1.4531850814819336,6.765088066458702,3.393588066101074,17.243432998657227,0,0.19877339809529515
768,129,0,355470336,2270214,156.58010037820222,5.953488372093023,589824,0.0,0.19375,12.641925811767578,69.0655409329338,5.016369819641113,27.62607610105382,1.142892837524414,8.420156199523868,2.529478073120117,19.168522433028556,6.015872955322266,32.17967516684439,2.9536819458007812,9.297187133536985,3.873476982116699,19.20591990152995,0,0.18158097448554267
768,129,1,355470336,1135107,313.16020075640444,5.953488372093023,589824,0.0,0.19375,11.730866432189941,38.99627130012959,3.9243459701538086,21.804400729403522,1.212630271911621,5.97182556715173,2.3160934448242188,10.929320066740425,6.371421813964844,15.715677633609934,1.8307209014892578,6.379448032627503,2.7117156982421875,15.832575162251791,0,0.17997953802333932
768,257,0,809241600,3549702,227.97451729750836,2.9883268482490273,589824,0.0,0.1076388888888889,16.115741729736328,81.66802129902257,7.6964521408081055,52.21358840644825,2.683262825012207,18.866903632685233,4.217267036437988,19.100883533246815,5.632939338684082,31.4873203994163,3.582272529602051,12.212913733674213,5.013189315795898,33.34668477376302,0,0.14740324072148261
768,257,1,809241600,1774851,455.9490345950167,2.9883268482490273,589824,0.0,0.1076388888888889,12.564072608947754,77.56600599968806,6.381874084472656,38.810953905340284,1.9762849807739258,15.158050666407993,2.5520944595336914,17.742388366605155,5.934967994689941,34.596312166346856,2.1007251739501953,10.069254800328054,4.4055891036987305,23.652903238932293,0,0.16443486805395235
768,385,0,1363676160,5025798,271.3352506407938,1.9948051948051948,589824,0.0,0.07451923076923077,23.63734722137451,98.08194719953462,17.905502319335938,72.8004220329846,9.901676177978516,29.53216266663124,5.039281845092773,21.958178400139634,5.239443778991699,31.43969029964258,3.4569454193115234,15.151915833121166,8.003826141357422,43.268259366353355,0,0.24595327635907477
768,385,1,1363676160,2512899,542.6705012815876,1.9948051948051948,589824,0.0,0.07451923076923077,18.437066078186035,104.73836643407897,11.394352912902832,57.73513470776379,6.681885719299316,27.155671066914994,2.364492416381836,18.4398655333401,5.995306968688965,46.3042584665042,3.395380973815918,12.838571367319673,4.712467193603516,30.579463640848797,0,0.19735561319077696
768,513,0,2018774016,6698502,301.37693711220805,1.4970760233918128,589824,0.0,0.05698529411764706,44.6981143951416,113.52207919893165,35.92729568481445,96.75817633396946,26.97920799255371,42.585851199692115,6.0456037521362305,21.664677865919657,6.411476135253906,29.928869733703323,5.261826515197754,19.342680399616558,8.948087692260742,54.172325134277344,0,0.3713101780753721
768,513,1,2018774016,3349251,602.7538742244161,1.4970760233918128,589824,0.0,0.05698529411764706,21.982545852661133,124.12073286541273,15.036420822143555,79.52479161419129,10.249662399291992,38.46509096620139,3.2545852661132812,19.53799566642071,6.109189987182617,49.26440286605308,2.369108200073242,16.85324336673754,4.7867584228515625,41.05970064798991,0,0.1890784058270992
768,769,0,3630959616,10633734,341.4566901899182,0.9986996098829649,589824,0.0,0.03875,62.35669136047363,161.72729086829347,54.53092098236084,155.52526750446606,40.678462982177734,81.99480810047437,8.354439735412598,24.72162283374928,5.848331451416016,30.495313700521365,7.475457191467285,24.515546233548474,13.852458000183105,73.5304594039917,0,0.3506241902512396
768,769,1,3630959616,5316867,682.9133803798364,0.9986996098829649,589824,0.0,0.03875,36.28031253814697,135.80113610078115,26.982855796813965,108.85600390999268,21.284518241882324,54.613671133605145,3.9930105209350586,21.043259367191542,6.917734146118164,39.55266959965229,4.085049629211426,20.591536000332173,5.698337554931641,54.242332776387535,0,0.24787659685840271
768,1025,0,5645798400,15355398,367.6751589245684,0.7492682926829268,589824,0.0,0.029356060606060608,58.39900016784668,225.06333946657833,56.10034942626953,224.12233258849784,41.67294979095459,134.35341423319187,4.64846134185791,29.004510267016787,4.01209831237793,31.722389666053157,8.06549072265625,29.983025300316513,14.427399635314941,89.76891835530598,0,0.25031128660111335
768,1025,1,5645798400,7677699,735.3503178491368,0.7492682926829268,589824,0.0,0.029356060606060608,39.992733001708984,180.3839803993469,32.593746185302734,148.3371563401306,24.41230297088623,80.9524603333557,3.990492820739746,23.450892066466622,5.967392921447754,47.26458070023606,5.622544288635254,28.716047299288523,8.181443214416504,67.3846960067749,0,0.2197274572971232
768,1537,0,10883435520,27158022,400.74477883551316,0.4996746909564086,589824,0.0,0.019770408163265307,106.63964748382568,346.9708092336077,99.78188037872314,343.99419437201385,79.68600749969482,232.51020719956918,6.97725772857666,35.60401876651061,6.350502967834473,32.63707160076592,13.625879287719727,46.219511666762024,20.09587287902832,111.48398717244466,0,0.2900685011875917
768,1537,1,10883435520,13579011,801.4895576710263,0.4996746909564086,589824,0.0,0.019770408163265307,55.149054527282715,229.73778023345704,49.81350898742676,214.21527073155934,38.36625576019287,118.70594029993906,6.227531433105469,26.554495066132706,4.406075477600098,45.44825943400307,6.149191856384277,39.02908543338223,11.447253227233887,95.50933043162028,0,0.23253948617813439
768,2049,0,17731685376,42106374,421.1164175761133,0.37481698389458273,589824,0.0,0.014903846153846155,119.06755447387695,492.0497883994055,115.67745685577393,525.8178417629097,91.14159107208252,342.56360776683624,8.10661792755127,46.3509063993115,3.8607263565063477,31.568731333633576,15.958619117736816,71.56654289962414,24.535865783691406,183.2542339960734,0,0.21999530572782025
768,2049,1,17731685376,21053187,842.2328351522266,0.37481698389458273,589824,0.0,0.014903846153846155,76.30998134613037,296.9570420313782,69.76824283599854,283.80517235006363,55.07471561431885,169.10124689942072,6.450924873352051,32.49801349981377,4.997053146362305,44.21976726637998,9.787287712097168,51.138014365763716,14.693527221679688,114.7039254506429,0,0.24583147043543618
768,4097,0,61230812160,133357062,459.1493786808231,0.18745423480595558,589824,0.0,0.0075096899224806205,539.4706630706787,1496.9338691327719,532.1044158935547,1457.794880508057,484.8023223876953,1165.7611843334355,15.618433952331543,110.09628913307097,3.842802047729492,15.221761000187447,35.20710468292236,205.8546346660781,47.302093505859375,292.0336961746216,0,0.36500636887139476
768,4097,1,61230812160,66678531,918.2987573616462,0.18745423480595558,589824,0.0,0.0075096899224806205,270.20808696746826,549.6646596341938,266.27442836761475,571.0963876588115,235.91827869415283,352.9721251669495,12.732820510864258,55.94730000011623,5.133852958679199,37.819781800499186,16.423134803771973,102.9254526666288,30.356149673461914,218.12426249186197,0,0.46625129158879275
1024,32,0,138412032,2430976,56.93681550126369,32.0,1048576,0.0,0.0,13.507156372070312,99.66665493266191,3.8950729370117188,14.82522611040622,0.44273853302001953,2.2083215337867537,1.9743919372558594,36.888146966036096,8.658905029296875,46.5921820665244,2.4311208724975586,13.978004366314659,3.452334403991699,12.616904576619467,0,0.262732784512316
1024,32,1,138412032,1215488,113.87363100252738,32.0,1048576,0.0,0.0,14.601058959960938,92.10277473321185,7.124447822570801,14.78279430787855,0.5551528930664062,1.1446158003915723,2.293276786804199,31.562397233210504,10.52034854888916,49.45224656645829,1.2322807312011719,9.943515133151474,6.5692949295043945,13.638178507486979,0,0.4819418896178375
1024,64,0,285212672,2777088,102.70206489675516,16.0,1048576,0.0,0.0,13.296537399291992,96.62207556636228,6.154747009277344,27.69243389775511,0.7378530502319336,3.90720040013548,2.153453826904297,35.80992149945814,7.770094871520996,43.030029266568214,2.6351356506347656,13.874924400200447,5.41689395904541,23.78523349761963,0,0.22225374020938907
1024,64,1,285212672,1388544,205.40412979351032,16.0,1048576,0.0,0.0,12.257885932922363,74.0006918659977,6.754269599914551,18.775514412360884,0.978083610534668,2.5886253997062645,2.675509452819824,19.610232832686354,6.962566375732422,42.080456500601336,1.6417264938354492,9.721377133003747,5.776185989379883,16.18688901265462,0,0.3597381915388624
1024,128,0,603979776,3506176,172.26168224299064,8.0,1048576,0.0,0.0,11.243882179260254,112.54635866692601,8.02556037902832,40.43527794322775,1.1232566833496094,11.702310566518767,1.7416954040527344,36.60180353326723,6.166644096374512,47.23600826691836,2.2122859954833984,17.006236300221644,6.902303695678711,28.732967376708984,0,0.19847916936038942
1024,128,1,603979776,1753088,344.5233644859813,8.0,1048576,0.0,0.0,15.529212951660156,86.10805830006332,5.3618669509887695,32.33200429337255,1.2328815460205078,7.5025053665740415,2.888469696044922,20.22322216653265,9.6480131149292,47.56204709992744,1.7598485946655273,10.820283667029193,4.128985404968262,24.829498926798504,0,0.1658377532780376
1024,256,0,1342177280,5111808,262.56410256410254,4.0,1048576,0.0,0.0,22.488713264465332,131.27986763332348,12.664079666137695,73.20135567085042,4.364790916442871,26.722655033033032,3.7342309951782227,39.10021456637575,9.560041427612305,44.14438620054474,4.829649925231934,21.31261183336998,8.299288749694824,46.47870063781738,0,0.17300334877787885
1024,256,1,1342177280,2555904,525.1282051282051,4.0,1048576,0.0,0.0,16.84800148010254,119.76188456756061,7.88236141204834,60.6033314174662,2.537808418273926,22.442824533209205,3.592514991760254,33.21051406674087,8.003134727478027,48.471489933823854,2.714543342590332,15.637056033786697,5.344552993774414,38.160506884256996,0,0.1300648203272964
1024,384,0,2214592512,6914048,320.30331753554503,2.6666666666666665,1048576,0.0,0.0,24.751267433166504,158.38526429918903,18.469924926757812,102.2706168393294,7.6590728759765625,42.14439963301023,3.592519760131836,39.813653299158126,7.034401893615723,47.96733353383994,6.465272903442383,28.45987783318075,10.81085205078125,60.126217206319176,0,0.18059854822010793
1024,384,1,2214592512,3457024,640.6066350710901,2.6666666666666665,1048576,0.0,0.0,24.375667572021484,140.6600198339826,13.127360343933105,81.80238593971201,5.547456741333008,33.94303509946136,4.285483360290527,35.19003776697597,10.41417121887207,52.009349333820865,4.128556251525879,19.51759763372441,7.579903602600098,47.85935084025065,0,0.16047649702550132
1024,512,0,3221225472,8912896,361.4117647058824,2.0,1048576,0.0,0.0,34.23579692840576,190.629555566314,25.125794410705566,118.44677601669295,12.733654975891113,74.61220099939965,4.703354835510254,39.9681691332565,10.247364044189453,45.66568646696396,6.551423072814941,30.383498966693878,12.392139434814453,43.8345750172933,0,0.21212729679670247
1024,512,1,3221225472,4456448,722.8235294117648,2.0,1048576,0.0,0.0,25.071377754211426,157.03585713345095,18.400135040283203,107.26200936769601,12.762627601623535,50.86057383353667,3.3312129974365234,34.034785733092576,5.009112358093262,48.00015796693818,3.9684247970581055,24.140339599883493,5.637507438659668,56.40143553415934,0,0.17154382198087698
1024,768,0,5637144576,13500416,417.5533980582524,1.3333333333333333,1048576,0.0,0.0,46.78464412689209,277.86981239914894,38.385958671569824,240.68145084990346,27.466435432434082,144.7826239328909,5.154852867126465,44.92080560012255,8.215503692626953,49.06471939951492,5.94785213470459,39.10166346662057,10.919523239135742,95.89882691701253,0,0.15948864582633965
1024,768,1,5637144576,6750208,835.1067961165048,1.3333333333333333,1048576,0.0,0.0,33.549418449401855,194.05970363295637,20.82850456237793,152.37032306419377,12.298417091369629,77.2584570668793,5.400724411010742,37.936568100121804,10.234613418579102,48.26057749936202,5.615663528442383,30.60410096659325,8.5300874710083,75.11186599731445,0,0.1366965964468216
1024,1024,0,8589934592,18874368,455.1111111111111,1.0,1048576,0.0,0.0,84.84682083129883,402.96936126639287,67.9179048538208,369.94662958701764,50.260210037231445,243.50380776644064,8.197565078735352,58.23349623339406,14.931502342224121,46.84367130006043,11.45754337310791,54.388385966497786,17.657694816589355,126.44282182057698,0,0.183588386599547
1024,1024,1,8589934592,9437184,910.2222222222222,1.0,1048576,0.0,0.0,38.680429458618164,224.48179720086046,29.454622268676758,188.70226473081857,19.57292079925537,96.11476193337391,5.626001358032227,40.60591060066751,8.438611030578613,47.6899642002536,5.042896270751953,40.07116046656544,9.881701469421387,92.58750279744466,0,0.15609045450881795
1024,1536,0,16106127360,31981568,503.60655737704917,0.6666666666666666,1048576,0.0,0.0,139.4664478302002,587.4437513673911,127.6143741607666,573.7490196586198,102.50410079956055,387.8572245002336,15.200114250183105,63.09575320046861,10.225958824157715,45.043355699939035,11.536273956298828,91.44741796674982,25.110273361206055,185.89179515838623,0,0.22242194720732952
1024,1536,1,16106127360,15990784,1007.2131147540983,0.6666666666666666,1048576,0.0,0.0,68.72981071472168,301.3858205997773,59.83745574951172,273.9580684399698,43.46428871154785,159.61599086682932,6.098432540893555,45.20027439963693,9.688401222229004,41.62826433312148,9.47868824005127,54.94129100018957,16.373167037963867,114.34207757314046,0,0.21841830061896284
1024,2048,0,25769803776,48234496,534.2608695652174,0.5,1048576,0.0,0.0,154.47329998016357,810.0071875659827,150.14893054962158,733.1043534126366,101.9551420211792,529.8728518333519,18.79293441772461,87.8321531995122,5.830883979797363,42.89024246584935,27.894339561462402,149.41194006726923,48.19378852844238,203.23150157928467,0,0.2048124934065266
1024,2048,1,25769803776,24117248,1068.5217391304348,0.5,1048576,0.0,0.0,103.8123893737793,412.8161887677076,91.41324043273926,377.63260996628867,68.77555847167969,229.08373670070432,10.361113548278809,56.99488743363569,12.853822708129883,46.97305786636813,11.821894645690918,79.76450676699945,22.63768196105957,148.54887326558432,0,0.24206924407534544
1024,4096,0,85899345920,144703488,593.6231884057971,0.25,1048576,0.0,0.0,670.7628440856934,2003.7977632678424,667.5121450424194,1899.613607369247,562.8238201141357,1401.6886993670294,34.19487953186035,210.76638086718353,7.055525779724121,45.37555643376739,66.68861865997314,345.96712659986224,104.68832492828369,497.9249080022176,0,0.3513936426086405
1024,4096,1,85899345920,72351744,1187.2463768115942,0.25,1048576,0.0,0.0,337.4959087371826,812.4035511660622,329.40632343292236,814.7819646207305,275.5326843261719,491.01114749986056,26.106595993041992,100.70591569916967,8.798208236694336,84.23652399991018,27.058420181274414,136.44996396712182,53.87363910675049,323.77081712086994,0,0.4042876962627129
1024,33,0,142872576,2441606,58.51581950568601,31.03030303030303,1048576,0.0,0.484375,16.55235767364502,104.91418876529981,4.447484016418457,25.65696124996369,0.652613639831543,3.9207605994306505,2.136349678039551,34.32613163313363,11.202154159545898,52.03878959970704,2.5612401962280273,14.628506933028499,3.794870376586914,21.73620065053304,0,0.17334414520444236
1024,33,1,142872576,1220803,117.03163901137202,31.03030303030303,1048576,0.0,0.484375,8.04654598236084,94.72922340016036,3.6348581314086914,21.14660376876903,0.6041574478149414,1.4280521330268432,2.331686019897461,30.77012186695356,4.516406059265137,53.19363310021193,0.5942964553833008,9.337416299968027,3.03070068359375,19.718551635742188,0,0.17188850612394488
1024,65,0,289935360,2788102,103.99022704334347,15.753846153846155,1048576,0.0,0.3229166666666667,17.999987602233887,132.51700863280954,4.484963417053223,26.135006017284468,1.2815141677856445,4.274501866893843,3.1522655487060547,65.26396793293922,10.918445587158203,47.03357459996672,2.6477622985839844,15.944964233009765,3.203449249267578,21.860504150390625,0,0.1716075142315666
1024,65,1,289935360,1394051,207.98045408668693,15.753846153846155,1048576,0.0,0.3229166666666667,14.291596412658691,91.10052160006792,4.271564483642578,12.182320895954035,0.8981513977050781,2.723953866128189,2.31137752532959,32.80287543311715,9.670095443725586,44.69026193352571,1.4119720458984375,10.883430367296873,3.3734130859375,9.458367029825846,0,0.3506363459085403
1024,129,0,609226752,3517958,173.17624371865725,7.937984496124031,1048576,0.0,0.19375,14.759993553161621,135.8353670987223,6.107797622680664,44.882644127937965,1.6405439376831055,10.324030032885881,2.3787307739257812,60.838232632765234,8.067026138305664,47.147426899755374,2.6736927032470703,17.525677533315804,4.467253684997559,34.558614095052086,0,0.1360837299440378
1024,129,1,609226752,1758979,346.3524874373145,7.937984496124031,1048576,0.0,0.19375,14.6040678024292,103.38298003383291,6.128911972045898,32.806964733754285,1.784062385559082,9.157462933217175,2.3351240158081055,32.485462766877994,8.303866386413574,51.18242346701057,2.1810150146484375,10.557630866727171,4.344849586486816,23.64950180053711,0,0.18681740361491017
1024,257,0,1348472832,5125126,263.1101814862698,3.9844357976653697,1048576,0.0,0.1076388888888889,22.47119903564453,142.96475300119104,11.200857162475586,80.41105976056618,4.449553489685059,32.902470333889745,3.03922176361084,45.387617033945084,9.800963401794434,42.68944983292992,5.181460380554199,21.98521580042628,6.751303672790527,47.50858942667643,0,0.1392949825039928
1024,257,1,1348472832,2562563,526.2203629725396,3.9844357976653697,1048576,0.0,0.1076388888888889,21.33286952972412,118.81423073355108,9.273419380187988,52.07522795341599,4.391283988952637,16.018804766160127,4.41981315612793,36.12567886690764,10.10000228881836,50.42891936706534,2.4217700958251953,16.240827733417973,4.882135391235352,36.05642318725586,0,0.17807736508582442
1024,385,0,2221936640,6928902,320.67658627586303,2.6597402597402597,1048576,0.0,0.07451923076923077,31.007580757141113,155.0156699338307,17.39593505859375,101.97367594422151,6.476073265075684,41.5287328340734,4.025435447692871,40.86282866580101,14.502334594726562,45.68416166681951,6.003737449645996,26.939946767136764,10.919861793518066,60.44494311014811,0,0.17059240924205907
1024,385,1,2221936640,3464451,641.3531725517261,2.6597402597402597,1048576,0.0,0.07451923076923077,19.379539489746094,140.6959520012606,11.378250122070312,81.82854754656242,5.64389705657959,35.85508766700514,3.3083105087280273,35.74719483343264,7.678694725036621,48.77698206692003,2.7486371994018555,20.316687433902796,5.734353065490723,45.97345987955729,0,0.13904988495116344
1024,513,0,3229618176,8929286,361.68828907484874,1.996101364522417,1048576,0.0,0.05698529411764706,36.68068885803223,257.9883578340135,27.448043823242188,186.1878238492257,15.817427635192871,111.99205740025111,4.695711135864258,68.44554173391468,8.909111022949219,44.05773453375635,7.258439064025879,33.493024166091345,11.630616188049316,74.19576644897461,0,0.14742126126072305
1024,513,1,3229618176,4464643,723.3765781496975,1.996101364522417,1048576,0.0,0.05698529411764706,30.515947341918945,161.07599043267933,22.0420503616333,106.85204693872947,13.912243843078613,51.443632733814106,4.3994951248168945,36.113593866078496,5.838580131530762,48.24489606641388,6.365628242492676,25.27386776637286,8.129806518554688,55.40841420491537,0,0.20628570994313786
1024,769,0,5647634432,13519878,417.7282096776317,1.3315994798439532,1048576,0.0,0.03875,59.252543449401855,259.6657864991964,42.94278144836426,229.05319334919722,30.400638580322266,128.9106349334664,6.4899396896362305,47.37636229935257,14.457135200500488,43.73808543314226,7.904829978942871,39.640703833235115,12.542142868041992,100.14255841573079,0,0.18747951434537274
1024,769,1,5647634432,6759939,835.4564193552634,1.3315994798439532,1048576,0.0,0.03875,32.60014057159424,193.56997616802497,20.350255966186523,149.7251297638286,11.876668930053711,76.29562473351446,6.50418758392334,37.34432323350726,9.35302734375,49.47203976723055,4.8662567138671875,30.457988433772698,8.473587036132812,73.42950503031413,0,0.13591743749553822
1024,1025,0,8602521600,18896902,455.2344929343445,0.9990243902439024,1048576,0.0,0.029356060606060608,74.22185897827148,369.5290445330708,70.25890350341797,359.0926041748996,54.275479316711426,224.29650133320442,6.4351654052734375,48.92951840010937,4.494147300720215,45.05259343325937,9.017066955566406,51.25043136649765,15.983424186706543,134.79610284169516,0,0.19565678236357573
1024,1025,1,8602521600,9448451,910.468985868689,0.9990243902439024,1048576,0.0,0.029356060606060608,43.827056884765625,241.2155218664945,31.033635139465332,201.08944503881503,18.57165813446045,110.91711450038322,5.300960540771484,40.53158323319318,12.28693962097168,50.419238633670226,7.667498588562012,39.34758549924785,12.461977005004883,90.17233053843181,0,0.15432751894797414
1024,1537,0,16122908672,32010246,503.67962408036476,0.6662329212752115,1048576,0.0,0.019770408163265307,137.92418956756592,643.6416228321226,130.70976734161377,525.1870716582441,107.5066328048706,380.861505366435,8.59734058380127,86.80491146612137,8.725323677062988,47.29994139925111,13.094892501831055,128.67526460031513,23.203134536743164,144.32556629180908,0,0.24888230193653882
1024,1537,1,16122908672,16005123,1007.3592481607295,0.6662329212752115,1048576,0.0,0.019770408163265307,71.61401271820068,315.6057250656886,60.56015491485596,279.3294616082373,43.28071594238281,158.15852756689614,7.550539970397949,46.996454566639535,9.856257438659668,51.17582553260339,10.926499366760254,59.274917399549544,17.279438972473145,121.17093404134114,0,0.21680546894760516
1024,2049,0,25790779392,48269318,534.3100018939567,0.4997559785261103,1048576,0.0,0.014903846153846155,157.05605030059814,742.2054731665412,151.45838260650635,668.9708112680819,113.12706470489502,443.7808711333976,13.127546310424805,79.83196576630387,6.120600700378418,46.65744463369871,24.680838584899902,171.935191633141,38.33131790161133,225.18994013468424,0,0.2264050688839565
1024,2049,1,25790779392,24134659,1068.6200037879134,0.4997559785261103,1048576,0.0,0.014903846153846155,110.93315601348877,413.38145369954873,100.40226459503174,417.89232517088146,76.79498195648193,223.6441018661329,10.289692878723145,59.19890499984225,9.988045692443848,57.039658200422615,13.860435485839844,73.49878863315098,23.607282638549805,194.24822330474854,0,0.24025869475821549
1024,4097,0,85937098752,144762886,593.6404083018903,0.2499389797412741,1048576,0.0,0.0075096899224806205,739.5546817779541,2144.9276453010198,723.4539413452148,2024.813953380605,636.7478942871094,1592.3478517341816,26.312284469604492,155.65036643335284,7.635736465454102,50.737389666998446,68.85876655578613,346.1920374664866,86.70604705810547,432.46610164642334,0,0.357294031946661
1024,4097,1,85937098752,72381443,1187.2808166037805,0.2499389797412741,1048576,0.0,0.0075096899224806205,368.49318504333496,769.3924538674764,362.79451847076416,788.83849697595,309.4268321990967,494.83703690057155,27.350234985351562,92.20150970019556,4.627022743225098,48.621289400034584,27.08909511566162,133.73261786667476,53.36768627166748,294.0014600753784,0,0.4599097532150805
1536,32,0,308281344,5216256,59.100117785630154,48.0,2359296,0.0,0.0,14.41978931427002,263.278674367272,4.62550163269043,31.89593405307581,0.45099735260009766,2.4134184001013637,5.181913375854492,121.02745216689073,6.65006160736084,102.93995609972626,2.13681697845459,36.89784770055363,4.174504280090332,29.482515652974445,0,0.14501853512091709
1536,32,1,308281344,2608128,118.20023557126031,48.0,2359296,0.0,0.0,13.456010818481445,204.0824123008254,5.497617721557617,16.66355436318554,0.6063318252563477,1.787339699997877,3.657407760620117,71.36463350034319,7.207612991333008,107.42511179996654,1.9846582412719727,23.50532730051782,4.8912858963012695,14.876214663187662,0,0.3299186717152851
1536,64,0,629145600,5726208,109.87124463519314,24.0,2359296,0.0,0.0,14.858760833740234,260.30615003158647,6.589565277099609,49.493825285268635,1.1010932922363281,5.703373599681072,4.29133415222168,115.35275929976099,6.369948387145996,101.63153883283182,3.0963850021362305,37.618478299312606,5.488471984863281,43.79045168558756,0,0.1331391388545781
1536,64,1,629145600,2863104,219.74248927038627,24.0,2359296,0.0,0.0,13.78335952758789,203.99652920120084,6.128067970275879,30.814642826832518,1.0391807556152344,3.2470098337701834,4.181180000305176,69.31298376681904,5.824651718139648,106.88097196689341,2.738347053527832,24.55556363371822,5.0888872146606445,27.567632993062336,0,0.19886870033553433
1536,128,0,1308622848,6782976,192.92753623188406,12.0,2359296,0.0,0.0,16.881098747253418,284.4587402340645,9.399847984313965,55.25957314239349,2.6499128341674805,17.25565163360443,5.407986640930176,123.72019649968327,5.7984161376953125,101.23276053345762,3.024783134460449,42.25013156731924,6.749935150146484,38.00392150878906,0,0.1701035214313424
1536,128,1,1308622848,3391488,385.8550724637681,12.0,2359296,0.0,0.0,15.563030242919922,195.54531276711108,8.213372230529785,50.85515442866988,2.0381975173950195,14.293538166869743,4.508123397827148,76.62665546619489,6.70252799987793,78.6723840001893,2.314181327819824,25.952735133857157,6.175174713134766,36.56161626180013,0,0.16150520675441013
1536,256,0,2818572288,9043968,311.6521739130435,6.0,2359296,0.0,0.0,24.2830228805542,335.4856905672932,17.252516746520996,106.40343272146613,6.187572479248047,40.25707486725878,5.482640266418457,145.04889603316164,6.656641960144043,101.77156333326518,5.956168174743652,48.40815633360762,11.06494426727295,66.14635785420735,0,0.16214248267424952
1536,256,1,2818572288,4521984,623.304347826087,6.0,2359296,0.0,0.0,24.092531204223633,234.4473549320052,14.231986999511719,79.7906955772002,5.235834121704102,29.799366066193517,7.316222190856934,79.1493994659201,6.499538421630859,97.9663872004797,5.040936470031738,27.532202199411888,8.996152877807617,49.991329511006676,0,0.17836649870713045
1536,384,0,4529848320,11501568,393.84615384615387,4.0,2359296,0.0,0.0,35.99792003631592,354.98849996753654,25.111536979675293,170.36725574386463,9.853596687316895,79.86693276616279,8.997364044189453,119.38926670021222,6.073570251464844,101.74193590064533,11.073389053344727,53.99036460051624,15.257940292358398,90.50032297770183,0,0.14739649864072912
1536,384,1,4529848320,5750784,787.6923076923077,4.0,2359296,0.0,0.0,25.320420265197754,281.8675111009119,19.219565391540527,115.92100553680211,7.235865592956543,52.97045800058792,6.329870223999023,80.83840336670012,6.514592170715332,109.99335126640896,5.2400922775268555,38.06529846721484,11.983699798583984,62.950547536214195,0,0.16579881534446128
1536,512,0,6442450944,14155776,455.1111111111111,3.0,2359296,0.0,0.0,39.59306240081787,419.739190399802,32.75746822357178,229.39728110892855,14.475984573364258,120.15134503308218,9.129114151000977,130.43056366635332,6.478414535522461,102.64420476645076,9.509549140930176,66.51307693391573,18.28148365020752,109.24593607584636,0,0.1427979794059416
1536,512,1,6442450944,7077888,910.2222222222222,3.0,2359296,0.0,0.0,35.50148963928223,296.52678056736477,25.292253494262695,167.5418342987541,11.354684829711914,83.98702600000736,8.112144470214844,84.99281553376932,9.996953010559082,79.63468133336089,6.037707328796387,47.9122577002272,13.937568664550781,83.55480829874675,0,0.1509608248001065
1536,768,0,10871635968,20054016,542.1176470588235,2.0,2359296,0.0,0.0,76.83469772338867,542.5936876330525,64.20483589172363,380.75589088936493,37.25661754608154,246.937614166139,17.94821262359619,131.2370885668012,6.7084503173828125,88.61811506697752,14.921417236328125,75.80086983313474,26.94821834564209,133.81827672322592,0,0.16862466852910604
1536,768,1,10871635968,10027008,1084.235294117647,2.0,2359296,0.0,0.0,48.1341552734375,362.87188786761055,37.48072624206543,222.19777334830724,18.525896072387695,110.61366626721185,11.27096176147461,88.00273363303859,8.29761028289795,108.4347362339031,10.039687156677246,55.82075173345705,18.954830169677734,111.58410708109538,0,0.1686818264524745
1536,1024,0,16106127360,26738688,602.3529411764706,1.5,2359296,0.0,0.0,127.2752332687378,741.4236220016998,121.68210506439209,584.6662323863711,79.81010913848877,390.60980093393783,16.259641647338867,142.91331386678698,6.320171356201172,99.79474246695948,24.885311126708984,108.1057647340155,41.87199592590332,194.05643145243326,0,0.20812234113082767
1536,1024,1,16106127360,13369344,1204.7058823529412,1.5,2359296,0.0,0.0,61.94565296173096,417.57679446600383,55.879693031311035,281.72237963493296,28.72856616973877,149.81934319948778,13.369965553283691,94.54277430001336,7.1704864501953125,92.0619211664113,12.676634788513184,81.15275580009136,27.151126861572266,131.90303643544516,0,0.1983502095350826
1536,1536,0,28991029248,42467328,682.6666666666666,1.0,2359296,0.0,0.0,239.31735515594482,1001.2695842005389,215.26371479034424,808.6526943176674,161.38380527496338,590.350762300659,42.039408683776855,153.59951763336235,6.660518646240234,102.99689766640465,29.233622550964355,154.32240660011303,53.87990951538086,218.30193201700845,0,0.26620045453750885
1536,1536,1,28991029248,21233664,1365.3333333333333,1.0,2359296,0.0,0.0,107.4591875076294,549.2977832337298,100.25386333465576,429.82026906393,58.36273670196533,249.26420223297706,22.465925216674805,100.18199133337475,6.941204071044922,98.27919226663653,19.689321517944336,101.57239740074147,41.89112663269043,180.55606683095297,0,0.2332460112990724
1536,2048,0,45097156608,61341696,735.1794871794872,0.75,2359296,0.0,0.0,224.19291019439697,1290.2376542003672,217.25552082061768,1102.98705114886,143.51748943328857,779.7083061333979,38.14091205596924,193.44649466705354,6.694812774658203,84.97030849976,35.83969593048096,232.11254490015563,73.7380313873291,323.2787450154622,0,0.19697014628986492
1536,2048,1,45097156608,30670848,1470.3589743589744,0.75,2359296,0.0,0.0,172.293119430542,690.4364797335195,154.8875379562378,549.5047427490741,103.48455905914307,352.2607343669127,27.907705307006836,122.31666629959363,14.393162727355957,94.66147656688311,26.507692337036133,121.19760250013012,51.40297889709473,197.24400838216147,0,0.28186751797875864
1536,4096,0,141733920768,168296448,842.1682242990654,0.375,2359296,0.0,0.0,719.6281719207764,3190.2176231320486,704.7092056274414,3009.8282033286523,558.8621473312378,2251.3233119330835,76.62905693054199,378.00417049923755,10.247178077697754,101.82355593327277,73.88978958129883,459.06658476645435,145.8470582962036,758.5048913955688,0,0.2341360230620751
1536,4096,1,141733920768,84148224,1684.3364485981308,0.375,2359296,0.0,0.0,515.7487964630127,1184.1472392329404,511.2489128112793,1074.2509542479336,403.09393882751465,668.756868300261,54.777865409851074,194.31222019969331,7.326092720031738,104.26613483286928,50.550899505615234,216.81201590011673,108.15497398376465,405.49408594767254,0,0.47591199317965394
1536,33,0,318117888,5232006,60.802278896469154,46.54545454545455,2359296,0.0,0.484375,14.142727851867676,243.78185779981624,5.179877281188965,34.12254427191025,0.5746650695800781,3.0918337336819,4.2359161376953125,101.30634013330564,6.565289497375488,102.44057023276885,2.766857147216797,36.94311370005986,4.605212211608887,31.03071053822835,0,0.15180219973963227
1536,33,1,318117888,2616003,121.60455779293831,46.54545454545455,2359296,0.0,0.484375,18.254880905151367,211.92376553372014,6.22776985168457,36.331521712903246,0.954279899597168,2.288376533154709,6.701312065124512,75.93598103364154,8.214225769042969,110.55302883323748,2.3850631713867188,23.146379133686423,5.273489952087402,34.043145179748535,0,0.17141505662485806
1536,65,0,639375360,5742342,111.34400563393821,23.630769230769232,2359296,0.0,0.3229166666666667,17.311277389526367,210.05015950067897,8.223714828491211,53.11411745205987,1.010599136352539,6.169920433118629,5.365877151489258,62.2493399666079,6.938028335571289,102.05543996708002,3.9967727661132812,39.57545913387245,7.213115692138672,46.944197018941246,0,0.15483105477397477
1536,65,1,639375360,2871171,222.68801126787642,23.630769230769232,2359296,0.0,0.3229166666666667,15.505905151367188,211.89289910059114,6.995110511779785,37.83292308119902,1.0175895690917969,3.7217491335468367,5.532474517822266,71.42672959986764,7.176027297973633,110.38663110036093,1.7798137664794922,26.35778926681572,5.977520942687988,34.11117394765218,0,0.18489479379551269
1536,129,0,1319639040,6799878,194.0680465149522,11.906976744186046,2359296,0.0,0.19375,17.256131172180176,262.66154123295564,12.643632888793945,59.16804468627864,1.4355230331420898,15.85923826690608,4.674563407897949,100.43001260006956,6.840934753417969,103.05567749989375,4.305109977722168,43.31661286608627,11.208109855651855,43.30880641937256,0,0.21369022680795238
1536,129,1,1319639040,3399939,388.1360930299044,11.906976744186046,2359296,0.0,0.19375,29.24342632293701,224.4434877007734,9.351897239685059,53.479640919249505,2.4279403686523438,12.642742433430007,5.496997833251953,76.42918546722892,15.456280708312988,109.0779352671234,5.862207412719727,26.29362453299109,6.923956871032715,40.836898485819496,0,0.17486836259438926
1536,257,0,2831161344,9062406,312.407250789691,5.976653696498055,2359296,0.0,0.1076388888888889,26.591901779174805,324.4849379989319,18.641986846923828,108.17037314991467,6.231012344360352,46.22024586618257,5.60490608215332,127.34273143287282,6.367969512939453,102.67419326701201,8.38801383972168,48.24776743286444,12.410974502563477,61.950127283732094,0,0.17233911933619445
1536,257,1,2831161344,4531203,624.814501579382,5.976653696498055,2359296,0.0,0.1076388888888889,20.3883695602417,262.5364461341329,12.84604549407959,78.4284995975516,3.701004981994629,35.57887146695672,5.860238075256348,81.29251793337365,5.907716751098633,110.66553353351385,4.91940975189209,34.99952320028873,9.145040512084961,42.84962813059489,0,0.1637930798115207
1536,385,0,4544010240,11521542,394.3925422482511,3.9896103896103896,2359296,0.0,0.07451923076923077,33.36613178253174,354.96357279965497,24.189352989196777,147.05689811477595,8.21451187133789,73.53681786626112,8.99421215057373,123.35493249993306,6.071100234985352,102.16634013340808,10.086307525634766,55.90548230005273,15.974841117858887,73.52008024851482,0,0.16448975396120016
1536,385,1,4544010240,5760771,788.7850844965022,3.9896103896103896,2359296,0.0,0.07451923076923077,27.914671897888184,277.596961701056,20.131683349609375,105.44135729239012,7.265982627868652,47.68876393403237,6.205692291259766,83.02537010070712,7.290434837341309,107.71204953295334,7.152562141418457,39.17077813336315,12.865700721740723,57.75259335835775,0,0.19092777128981733
1536,513,0,6458185728,14177286,455.530468102287,2.9941520467836256,2359296,0.0,0.05698529411764706,38.80321502685547,410.52419840125367,31.230955123901367,232.8460164484568,11.70093059539795,119.8971140004384,9.284453392028809,123.03561479978573,6.872320175170898,101.48086460055008,10.945510864257812,66.11060500047945,19.530024528503418,112.94890244801839,0,0.13412707505268706
1536,513,1,6458185728,7088643,911.060936204574,2.9941520467836256,2359296,0.0,0.05698529411764706,40.40274620056152,318.5890463015918,30.007038116455078,150.20986396605923,14.014267921447754,79.34788066680387,9.530096054077148,87.0814334009386,9.034900665283203,103.32701393344905,7.823481559753418,48.8327183004003,15.992770195007324,70.86198329925537,0,0.19976742754547291
1536,769,0,10890516480,20078598,542.3942687631876,1.9973992197659298,2359296,0.0,0.03875,83.96975040435791,567.389526233698,78.0361795425415,382.5471062145274,48.9802360534668,250.16704983330177,12.904300689697266,131.79181640055808,7.013540267944336,102.50151520012878,15.071673393249512,82.92914479970932,29.055943489074707,132.3800563812256,0,0.20399103345662178
1536,769,1,10890516480,10039299,1084.7885375263752,1.9973992197659298,2359296,0.0,0.03875,45.911502838134766,369.21837323364645,38.102073669433594,200.36727132974193,17.38959312438965,112.38917850035553,11.839642524719238,86.94862640016557,6.759324073791504,111.29077186633367,9.922943115234375,58.58979646679169,20.712480545043945,87.9780928293864,0,0.19016116462817664
1536,1025,0,16128153600,26766342,602.553520387657,1.4985365853658537,2359296,0.0,0.029356060606060608,123.5181474685669,711.4303613663652,112.10991859436035,520.0070318523407,77.80733108520508,368.3437602662404,21.030864715576172,132.34764323375808,6.751565933227539,102.1203835659738,17.928385734558105,108.61857430039284,34.30258750915527,151.66327158610025,0,0.2155930818762364
1536,1025,1,16128153600,13383171,1205.107040775314,1.4985365853658537,2359296,0.0,0.029356060606060608,69.97274398803711,425.1310115990539,66.59126281738281,266.53622408436297,33.16882610321045,154.66145296619894,14.149560928344727,89.38166370013884,6.6791534423828125,108.09865309953845,15.975203514099121,72.9892418331777,33.42243671417236,111.87477111816406,0,0.24983944695001611
1536,1537,0,29019346944,42501126,682.7900734677006,0.9993493819128172,2359296,0.0,0.019770408163265307,225.9195327758789,978.1021059995207,213.96430015563965,812.3574567163208,160.91638565063477,580.2555871331909,30.490846633911133,141.9356376999834,6.321625709533691,102.84234589974706,28.190674781799316,153.0685352665993,53.04791450500488,232.10186958312988,0,0.2633868851533876
1536,1537,1,29019346944,21250563,1365.5801469354012,0.9993493819128172,2359296,0.0,0.019770408163265307,114.68689918518066,545.3058252654349,111.06947422027588,410.9379505185643,63.8539981842041,237.0925560661514,21.91166877746582,98.3557477001644,6.744866371154785,109.49737806610453,22.176365852355957,100.36014343301456,47.21547603607178,173.84539445241293,0,0.27028283486622945
1536,2049,0,45131765760,61381638,735.2649298801704,0.7496339677891655,2359296,0.0,0.014903846153846155,252.8467607498169,1193.0075671669329,247.79176712036133,1010.9873679903103,166.6965103149414,695.8514995999091,43.97880554199219,164.30183476671422,6.266498565673828,103.6336619668873,35.90494632720947,229.22057083342224,81.09525680541992,315.1358683904012,0,0.24509877666714452
1536,2049,1,45131765760,30690819,1470.5298597603407,0.7496339677891655,2359296,0.0,0.014903846153846155,184.27808284759521,661.9136772002093,175.3815221786499,521.9134174626863,114.65521335601807,328.3883892339266,31.580495834350586,101.45004106646714,6.456789970397949,109.72805623314343,31.585583686828613,122.34719066667215,60.726308822631836,193.52502822875977,0,0.33603566474929464
1536,4097,0,141793695744,168360966,842.2005356277178,0.37490846961191115,2359296,0.0,0.0075096899224806205,863.3821249008179,3305.610985866709,850.1581954956055,3145.1286919870954,686.87584400177,2432.7708689331,95.48396587371826,300.5284072336508,5.2652740478515625,65.32311843378314,75.75704097747803,506.9885912661751,163.28235149383545,712.3578230539957,0,0.2703095099610931
1536,4097,1,141793695744,84180483,1684.4010712554357,0.37490846961191115,2359296,0.0,0.0075096899224806205,594.9629306793213,1214.0208048008692,592.5706481933594,1120.3468948796701,469.7325658798218,725.8728812332265,61.17879867553711,155.584770833957,6.534571647644043,111.0369058335588,57.51699447631836,221.52624690012695,122.8380823135376,394.47401364644367,0,0.5289171156733593
2048,32,0,545259520,9050112,60.248925096175604,64.0,4194304,0.0,0.0,24.205498695373535,589.5632554330708,10.466961860656738,37.472833864740096,0.5935001373291016,3.9685861993348226,4.302711486816406,316.91860489954706,13.098587989807129,168.4887618670473,6.210699081420898,100.1873024671416,9.873461723327637,33.50424766540527,0,0.2793213317796491
2048,32,1,545259520,4525056,120.49785019235121,64.0,4194304,0.0,0.0,22.54638671875,333.23948080069385,9.926600456237793,33.821671013720334,0.8118200302124023,2.3247647332027555,4.79825496673584,127.79931983386632,12.47011661529541,148.53834910027217,4.466195106506348,54.57704713335261,9.11478042602539,31.496906280517578,0,0.29349822639487266
2048,64,0,1107296256,9723904,113.87363100252738,32.0,4194304,0.0,0.0,21.985454559326172,575.9216422331519,12.243232727050781,56.43038411314289,1.2053203582763672,12.054074400415024,5.441498756408691,299.57796999951825,10.213651657104492,169.88759110002624,5.124983787536621,94.40200673319244,11.037912368774414,44.37630971272787,0,0.21696171166411177
2048,64,1,1107296256,4861952,227.74726200505475,32.0,4194304,0.0,0.0,21.521005630493164,302.60105643343803,11.473875045776367,43.40829620099006,1.507406234741211,5.903758300701156,4.989213943481445,131.25461166685758,10.450878143310547,112.64682109952749,4.573507308959961,52.79586536635179,9.966468811035156,37.5045379002889,0,0.2643244736593617
2048,128,0,2281701376,11108352,205.40412979351032,16.0,4194304,0.0,0.0,25.769529342651367,636.5002387998782,16.178946495056152,80.5817343799087,2.706441879272461,28.64358206667627,6.335515975952148,329.5873133999218,11.40202522277832,145.46529086655937,5.3255462646484375,132.80405246672066,13.472504615783691,51.93815231323242,0,0.2007768462612046
2048,128,1,2281701376,5554176,410.80825958702064,16.0,4194304,0.0,0.0,22.084169387817383,369.1343333669162,13.821310997009277,59.18339815883276,2.7266740798950195,22.580241433267172,6.269111633300781,131.80460866715293,9.999585151672363,152.4949598669385,3.0887985229492188,62.254523399557606,11.094636917114258,36.60315672556559,0,0.23353358250765685
2048,256,0,4831838208,14024704,344.5233644859813,8.0,4194304,0.0,0.0,31.774659156799316,554.1916047669171,23.658456802368164,169.3423415737925,6.133027076721191,67.21271529968362,9.1365385055542,204.37581686710473,9.628057479858398,159.5389976001267,6.877036094665527,123.06407500000205,17.525429725646973,102.12962627410889,0,0.13970786386025477
2048,256,1,4831838208,7012352,689.0467289719626,8.0,4194304,0.0,0.0,32.05796241760254,432.610810433592,23.0643367767334,101.1669794737827,7.680139541625977,48.36278756653579,8.217120170593262,132.5063616667952,10.250182151794434,182.35291790042538,5.910520553588867,69.38874329983567,15.384197235107422,52.80419190724691,0,0.22798285464982665
2048,384,0,7650410496,17137664,446.4091778202677,5.333333333333333,4194304,0.0,0.0,45.41861534118652,724.8979236658972,35.89329242706299,230.1969217611865,10.910773277282715,125.87787383333004,11.291937828063965,292.41940856639604,10.738334655761719,159.489570465909,12.477569580078125,147.11107080026218,24.982519149780273,104.31904792785645,0,0.1559242936545425
2048,384,1,7650410496,8568832,892.8183556405354,5.333333333333333,4194304,0.0,0.0,38.53952884674072,412.22800526690355,27.29619026184082,156.06593309591216,7.687335014343262,71.59311790019274,12.624659538269043,133.66940503280298,10.301647186279297,138.33141173333084,7.925887107849121,68.634070600577,19.60885524749756,84.4728151957194,0,0.17490165675724775
2048,512,0,10737418240,20447232,525.1282051282051,4.0,4194304,0.0,0.0,68.66575241088867,836.9748625341648,45.342559814453125,342.9828190681292,13.527908325195312,224.54643486707937,15.583348274230957,345.3032279998297,11.815719604492188,106.34985190020718,27.738776206970215,160.77534776704852,31.814651489257812,118.4363842010498,0,0.13220067389278295
2048,512,1,10737418240,10223616,1050.2564102564102,4.0,4194304,0.0,0.0,43.63341808319092,499.50057796571247,35.31100273132324,193.71056719489084,10.909976959228516,110.33734643327382,12.283716201782227,130.79754243372008,10.098700523376465,163.3545899327146,10.341024398803711,95.01109916600399,24.401025772094727,83.37322076161702,0,0.18228743657436658
2048,768,0,17716740096,27656192,640.6066350710901,2.6666666666666665,4194304,0.0,0.0,105.0060510635376,1084.7082373016747,92.62235164642334,547.0237983070547,42.34363555908203,386.45605373409734,24.214482307434082,348.4146612337402,11.275935173034668,128.84089399982864,27.171998023986816,220.99662833400848,50.27871608734131,160.56774457295737,0,0.16932051573089454
2048,768,1,17716740096,13828096,1281.2132701421801,2.6666666666666665,4194304,0.0,0.0,66.72497749328613,518.1463265665418,57.74662971496582,265.7621327011536,23.094887733459473,146.95855209914347,18.880820274353027,142.42947060071552,10.240097045898438,123.26653326648132,14.509172439575195,105.49177060020156,34.65174198150635,118.80358060201009,0,0.21728689910801263
2048,1024,0,25769803776,35651584,722.8235294117648,2.0,4194304,0.0,0.0,141.65342330932617,1014.5976535005805,114.05542850494385,604.4852023866649,55.53075313568115,399.1625791337962,28.678231239318848,281.2852312335356,17.132182121276855,104.78661263283963,40.312256813049316,229.36323050040906,58.524675369262695,205.32262325286865,0,0.18868191984621513
2048,1024,1,25769803776,17825792,1445.6470588235295,2.0,4194304,0.0,0.0,90.71574211120605,662.0545134675922,77.46879577636719,389.63547874494304,36.49624824523926,214.45498793327715,23.767333030700684,149.7179640670462,10.597538948059082,171.19543496713354,19.85462188720703,126.68612650013529,40.97254753112793,175.18049081166586,0,0.1988237724806333
2048,1536,0,45097156608,54001664,835.1067961165048,1.3333333333333333,4194304,0.0,0.0,282.22933292388916,1649.6993558326117,224.80209827423096,1096.408024173191,124.0654706954956,784.3749510657896,99.14977550506592,352.63326860052376,10.596423149108887,174.93816136654155,48.41766357421875,337.7529747997566,100.73662757873535,312.03307310740155,0,0.2050350720880174
2048,1536,1,45097156608,27000832,1670.2135922330096,1.3333333333333333,4194304,0.0,0.0,161.13850593566895,763.1492072687251,150.36675930023193,544.2678095472123,81.07570171356201,325.8897822670406,35.07030010223389,156.86678476728653,10.251164436340332,119.75599470024463,34.741339683532715,160.63664553415342,69.29105758666992,218.37802728017172,0,0.27627347541520997
2048,2048,0,68719476736,75497472,910.2222222222222,1.0,4194304,0.0,0.0,329.77288246154785,1873.963595968477,320.13659477233887,1317.7999711265632,187.0580768585205,856.2393244336514,66.3106107711792,447.4394302339836,11.543431282043457,127.75221876703047,64.86076354980469,442.53262253381155,133.07851791381836,461.5606466929118,0,0.24293261632010807
2048,2048,1,68719476736,37748736,1820.4444444444443,1.0,4194304,0.0,0.0,240.94552516937256,991.7415802997615,231.2783670425415,742.0246406021761,135.3386354446411,467.2591968002962,49.05038833618164,187.50099749983443,10.211625099182129,148.7992419327687,46.344876289367676,188.18214406686215,95.93973159790039,274.7654438018799,0,0.31168556189030583
2048,4096,0,206158430208,192937984,1068.5217391304348,0.5,4194304,0.0,0.0,1022.4173307418823,4245.319041201341,999.5266723632812,3974.797516900192,746.7923831939697,2794.809482333949,134.42463874816895,616.7262124673774,10.008773803710938,130.20487686638566,131.19153499603271,703.5784695336284,252.73428916931152,1179.9880345662434,0,0.25146606037501446
2048,4096,1,206158430208,96468992,2137.0434782608695,0.5,4194304,0.0,0.0,734.3214797973633,1734.5829177657529,719.862790107727,1642.7585528241857,534.8727416992188,946.5225622998938,94.8283338546753,278.9047465659678,10.410046577453613,179.14081186657617,94.21035766601562,330.01479703331523,184.9900484085083,696.235990524292,0,0.4382036476816137
2048,33,0,562569216,9070982,62.01855719700469,62.06060606060606,4194304,0.0,0.484375,21.301498413085938,580.1703931346613,10.754842758178711,52.093253278872,0.5099153518676758,4.5532879671858,4.940729141235352,299.8833116667811,11.37324333190918,176.5527716333357,4.4776105880737305,99.18102186735875,10.244927406311035,47.539965311686196,0,0.20645365918316844
2048,33,1,562569216,4535491,124.03711439400938,62.06060606060606,4194304,0.0,0.484375,25.083189010620117,338.80422573420225,10.631122589111328,45.347823128880314,0.9265518188476562,2.8087749339950583,9.410109519958496,128.64889076639278,10.406527519226074,149.34410803349843,4.340000152587891,58.00245200031592,9.704570770263672,42.539048194885254,0,0.2344351251193967
2048,65,0,1125130240,9745158,115.45531021662245,31.50769230769231,4194304,0.0,0.3229166666666667,26.82027816772461,584.4800624336737,12.613520622253418,55.61014121825186,1.5300416946411133,9.669543366180733,10.093646049499512,309.7261266336621,10.174965858459473,163.42027863332382,5.021624565124512,101.66411380050704,11.083478927612305,45.94059785207113,0,0.22682051053870586
2048,65,1,1125130240,4872579,230.9106204332449,31.50769230769231,4194304,0.0,0.3229166666666667,26.992807388305664,340.3244062326849,10.48161506652832,55.58996486167113,1.1715412139892578,5.808006599545479,8.45059871673584,129.27652336657047,12.282876968383789,149.43721436623795,5.087790489196777,55.80266190033095,9.310073852539062,49.78195826212565,0,0.18855228803634874
2048,129,0,2300583936,11130374,206.69421674419925,15.875968992248062,4194304,0.0,0.19375,25.610666275024414,519.7674923654025,15.447778701782227,61.63415310147684,1.5882587432861328,18.3462798333494,6.534185409545898,282.58679123343126,11.346564292907715,104.7325217659818,6.141657829284668,114.10189953264005,13.859519958496094,43.28787326812744,0,0.2506366669198554
2048,129,1,2300583936,5565187,413.3884334883985,15.875968992248062,4194304,0.0,0.19375,22.145791053771973,376.59595050014707,14.140253067016602,51.59159191146803,1.8819904327392578,17.519892133229103,6.067624092102051,133.89245666621719,10.43783187866211,164.0531553333858,3.7583446502685547,61.13044636731502,12.258262634277344,34.07169977823893,0,0.274080572882525
2048,257,0,4852817920,14048262,345.4390244145504,7.968871595330739,4194304,0.0,0.1076388888888889,43.84814739227295,684.9502079664187,24.721369743347168,143.46456140532,5.934419631958008,73.81629556669698,13.745369911193848,321.5650111999518,12.285313606262207,167.24717653317688,11.883044242858887,122.32172466659297,18.78695011138916,69.64826583862305,0,0.17231690879745332
2048,257,1,4852817920,7024131,690.8780488291007,7.968871595330739,4194304,0.0,0.1076388888888889,34.9308967590332,429.9260384655403,22.16698169708252,105.88074306724593,6.401948928833008,41.59794430015609,8.082866668701172,130.4507160995854,12.430939674377441,186.5560677998777,8.015141487121582,71.32131026592106,15.765032768249512,64.28279876708984,0,0.20935801029469583
2048,385,0,7673487360,17162758,447.101063826688,5.3194805194805195,4194304,0.0,0.07451923076923077,54.576334953308105,770.4784664674662,42.93631076812744,292.8213917320439,11.818904876708984,188.515727033761,11.818861961364746,335.56387543309637,11.048970222473145,114.40115183359012,19.88959789276123,131.9977121670187,31.117405891418457,104.30566469828288,0,0.14662969298164447
2048,385,1,7673487360,8581379,894.202127653376,5.3194805194805195,4194304,0.0,0.07451923076923077,43.4253454208374,471.9282765659348,30.82052707672119,142.152400984196,10.310511589050293,72.3349215326986,13.458037376403809,133.62601546687074,9.781365394592285,187.42771246664537,9.875431060791016,78.53962709972014,20.5100154876709,69.81747945149739,0,0.21681327127318595
2048,513,0,10762592256,20473862,525.6747484182515,3.992202729044834,4194304,0.0,0.05698529411764706,63.11161518096924,899.9505405993357,52.52444267272949,386.01229405612685,15.177497863769531,256.5459908665313,15.656051635742188,337.52762193325907,13.336668014526367,140.40230913281752,18.941397666931152,165.4746186667277,37.34694480895996,129.46630318959555,0,0.13606935188725452
2048,513,1,10762592256,10236931,1051.349496836503,3.992202729044834,4194304,0.0,0.05698529411764706,49.68174457550049,491.8019700999139,40.29917240142822,205.05437563794354,13.369030952453613,107.12508073387046,13.49858283996582,134.13315970004382,10.335493087768555,163.0534018331673,12.4786376953125,87.4903278328323,26.93014144897461,97.92929490407307,0,0.1965292000039194
2048,769,0,17746108416,27685894,640.9801473631301,2.6631989596879064,4194304,0.0,0.03875,105.34801483154297,1118.4245075011859,88.24906826019287,558.4507404370622,41.10078811645508,385.9394489331559,24.48141098022461,339.17120263407315,13.050212860107422,174.7861569999562,26.71560287475586,218.5276989340006,47.14828014373779,172.51129150390625,0,0.15802480303119698
2048,769,1,17746108416,13842947,1281.9602947262601,2.6631989596879064,4194304,0.0,0.03875,73.0664873123169,585.0597693662469,61.9671106338501,288.2305133922879,28.84690284729004,149.01831036647005,18.744335174560547,141.25355973374099,10.670108795166016,188.32524650012297,14.805140495300293,106.46265276591294,33.12020778656006,139.21220302581787,0,0.21499150074201734
2048,1025,0,25803366400,35684358,723.1001998130386,1.9980487804878049,4194304,0.0,0.029356060606060608,132.66456127166748,1261.495153066547,124.57623958587646,715.4055789569005,57.263193130493164,489.47867109964136,28.85805606842041,350.5639196334717,11.930060386657715,156.8193759662487,34.61325168609619,264.63318636718515,67.3130464553833,225.92690785725912,0,0.17413372672815225
2048,1025,1,25803366400,17842179,1446.2003996260771,1.9980487804878049,4194304,0.0,0.029356060606060608,104.76541042327881,642.0090964005794,91.93545341491699,366.19458146645536,41.06459617614746,208.1542645668378,25.53962230682373,146.37557309955204,11.11715316772461,159.09234850065937,27.044038772583008,128.38691023353022,50.87085723876953,158.04031689961752,0,0.2510562910208943
2048,1537,0,45139107840,54040582,835.2816747976549,1.332465842550423,4194304,0.0,0.019770408163265307,232.77587413787842,1424.6573323995108,228.90921592712402,1034.8516659694724,124.85075950622559,694.9039257325543,46.76422119140625,303.81883369991556,11.68581485748291,164.1135155330024,49.47507858276367,261.82105743403855,104.05845642089844,339.94774023691815,0,0.22120002649140708
2048,1537,1,45139107840,27020291,1670.5633495953098,1.332465842550423,4194304,0.0,0.019770408163265307,166.1169719696045,747.2338602655025,159.19645309448242,526.4622779272031,81.57073020935059,306.11906166692887,35.77566623687744,155.23582156650568,10.208120346069336,124.01122079948739,38.56245517730713,161.8677562325805,77.62572288513184,220.34321626027426,0,0.3023890975081322
2048,2049,0,68769816576,75542534,910.345641516341,0.9995119570522206,4194304,0.0,0.014903846153846155,377.6200485229492,1598.3544285321839,370.79095363616943,1356.0531684236291,229.33016300201416,904.1461853659712,73.27281951904297,272.57468423243455,10.77249526977539,139.9313580671636,64.2445707321167,281.70220086661476,141.46079063415527,451.9069830576579,0,0.2734339347971162
2048,2049,1,68769816576,37771267,1820.691283032682,0.9995119570522206,4194304,0.0,0.014903846153846155,271.3316774368286,953.5969431997122,251.72915935516357,725.3508847924725,148.03528308868408,442.00284103280865,55.69581985473633,164.46748749973872,10.45691967010498,164.888378266672,57.14365482330322,182.2382364004928,103.69387626647949,283.3480437596639,0,0.34704467125201743
2048,4097,0,206242324480,193007622,1068.5708799624504,0.4998779594825482,4194304,0.0,0.0075096899224806205,1231.1099290847778,4780.364045365907,1212.4425888061523,4539.358579667169,926.8169689178467,3295.496236832696,164.45964336395264,577.313708900086,11.507401466369629,176.38820753296991,128.3259153366089,731.1658921001557,285.62561988830566,1243.8623428344727,0,0.2670955747441856
2048,4097,1,206242324480,96503811,2137.1417599249007,0.4998779594825482,4194304,0.0,0.0075096899224806205,860.0846099853516,1779.743395834036,844.2372035980225,1796.5447850205237,632.4818849563599,1018.3791426000729,112.30777740478516,259.4842946671027,11.040143966674805,180.61254753362542,104.25480365753174,321.26741103323485,211.7553186416626,778.1656424204508,0,0.4699227153351359
4096,32,0,2164260864,34871296,62.06425089563634,128.0,16777216,0.0,0.0,79.40748691558838,2492.3924801667454,39.52446460723877,110.31364627318301,1.8618202209472656,9.297816233204989,14.957013130187988,1083.6646227670524,39.67592716217041,779.0798120666295,22.912726402282715,620.3502290998586,37.662644386291504,101.01583003997803,0,0.35829170680624195
4096,32,1,2164260864,17435648,124.12850179127268,128.0,16777216,0.0,0.0,76.34917736053467,1447.0478018658466,48.679823875427246,114.34153597413872,1.2636232376098633,5.53765973309055,15.491490364074707,505.3486040327698,48.546366691589355,688.425860866361,11.047697067260742,247.73567723362552,47.41620063781738,108.80387624104817,0,0.4257405103114711
4096,64,0,4362076160,36200448,120.49785019235121,64.0,16777216,0.0,0.0,95.91970920562744,2558.011654333677,43.16336154937744,129.1404368549896,2.2747135162353516,25.52751323285823,16.329073905944824,1294.3973651340154,44.24458026885986,744.3708938992737,33.0713415145874,493.7158820675298,40.88864803314209,103.61292362213135,0,0.33423583348912717
4096,64,1,4362076160,18100224,240.99570038470242,64.0,16777216,0.0,0.0,78.61300468444824,1469.4025777008696,48.2254695892334,105.0027290902411,2.0173072814941406,9.728169433462122,14.363417625427246,507.92776276745525,49.540300369262695,738.8987095997436,12.69197940826416,212.84793590020854,46.20816230773926,95.27455965677898,0,0.45927824930900246
4096,128,0,8858370048,38895616,227.74726200505475,32.0,16777216,0.0,0.0,82.82712459564209,2430.922671900286,53.4779691696167,201.49846391965792,5.114684104919434,55.13693806618297,22.638750076293945,1317.6989935668341,40.12735843658447,693.6133835668443,14.946331977844238,364.47335670042474,48.363285064697266,146.36152585347494,0,0.26540137393275415
4096,128,1,8858370048,19447808,455.4945240101095,32.0,16777216,0.0,0.0,84.8753547668457,1472.631606866101,59.467854499816895,160.82582362772274,4.051527976989746,40.56352663319558,20.920991897583008,508.6327459333309,49.32172775268555,710.9799671995764,10.581107139587402,212.4553670999982,55.41632652282715,120.26229699452718,0,0.3697655834020301
4096,256,0,18253611008,44433408,410.80825958702064,16.0,16777216,0.0,0.0,125.24887561798096,2750.4014987663445,90.0078535079956,437.2193640078573,8.485431671142578,127.97283983284917,43.161396980285645,1320.641153633672,42.22626209259033,731.5566076334411,31.375784873962402,570.230897666382,81.52242183685303,309.2465241750081,0,0.2058642889988241
4096,256,1,18253611008,22216704,821.6165191740413,16.0,16777216,0.0,0.0,100.79607486724854,1728.115537566676,78.61802577972412,255.77724532728706,6.259393692016602,98.38282820031357,26.90558910369873,516.7594378998425,46.969614028930664,874.5385572663508,20.66147804260254,238.43471420016917,72.35863208770752,157.39441712697348,0,0.3073691159630959
4096,384,0,28185722880,50167808,561.828870019595,10.666666666666666,16777216,0.0,0.0,194.7954797744751,2989.8470304343696,128.0909252166748,597.6418664766243,18.594555854797363,322.61266020068433,60.54462432861328,1298.287706367167,52.36808776855469,767.933411533401,63.288211822509766,601.0132523331171,109.49636936187744,275.02920627593994,0,0.21432722906751858
4096,384,1,28185722880,25083904,1123.65774003919,10.666666666666666,16777216,0.0,0.0,136.42658233642578,1579.9700716326092,99.04560565948486,328.0423128812496,13.043370246887207,144.53537903318647,40.188941955566406,517.3178046999965,54.015536308288574,624.0223549325796,29.178733825683594,294.0945329668466,86.00223541259766,183.50693384806314,0,0.3019293602387784
4096,512,0,38654705664,56098816,689.0467289719626,8.0,16777216,0.0,0.0,255.8258581161499,3284.880334633635,159.28400993347168,863.4787106013391,25.205798149108887,523.125746200094,82.81840324401855,1356.258963967169,51.635332107543945,814.5039916329551,96.16632461547852,590.9916328334172,134.0782117843628,340.3529644012451,0,0.184467790552177
4096,512,1,38654705664,28049408,1378.0934579439252,8.0,16777216,0.0,0.0,166.64036750793457,1594.498520665608,125.5913496017456,433.96490328304935,21.08210563659668,213.7981326658822,49.45809841156006,526.0176149662584,58.09710502624512,535.4126799997175,38.003058433532715,319.2700930337499,104.50924396514893,220.16677061716715,0,0.2894043934235619
4096,768,0,61203283968,68550656,892.8183556405354,5.333333333333333,16777216,0.0,0.0,355.43142795562744,3494.8431886004983,284.52250480651855,1241.2093273053567,73.95114421844482,758.7323696662983,105.49880981445312,1357.5502756672602,41.389403343200684,841.1107187004139,134.5920705795288,537.449824566526,210.57136058807373,482.4769576390584,0,0.22923007308059135
4096,768,1,61203283968,34275328,1785.6367112810708,5.333333333333333,16777216,0.0,0.0,228.91600131988525,1918.2734092658695,184.9900770187378,578.0853120939962,44.5416259765625,294.9185300327372,72.91765689849854,537.3787185332427,56.589627265930176,722.8276432666462,54.86709117889404,363.1485174332435,140.4484510421753,283.16678206125897,0,0.32000480404639403
4096,1024,0,85899345920,81788928,1050.2564102564102,4.0,16777216,0.0,0.0,569.2238807678223,3803.4196662668064,561.9152641296387,1676.7915147841752,105.20883560180664,1032.168759733516,141.0430145263672,1390.3169066334765,40.79292297363281,655.387771166473,282.1791076660156,725.5462287333406,456.70642852783203,644.6227550506592,0,0.3351133752617805
4096,1024,1,85899345920,40894464,2100.5128205128203,4.0,16777216,0.0,0.0,349.59683418273926,2035.7700443002009,308.44343185424805,779.6611046903611,84.52877521514893,433.3109116666795,95.08886814117432,553.6909839332415,52.078185081481934,654.8179547331529,117.90100574493408,393.95019396712695,223.91465663909912,346.35019302368164,0,0.395612183291797
4096,1536,0,141733920768,110624768,1281.2132701421801,2.6666666666666665,16777216,0.0,0.0,653.0318641662598,4255.972443466695,602.4216032028198,2468.1631839455804,213.56473445892334,1519.9098066669346,191.1303424835205,1283.84892649968,40.15361309051514,666.9527567001447,208.18317413330078,785.2609535999363,388.8568687438965,948.2533772786459,0,0.24407689374889502
4096,1536,1,141733920768,55312384,2562.4265402843603,2.6666666666666665,16777216,0.0,0.0,484.9320077896118,2414.8956268676557,441.0901737213135,1149.7670999514714,152.5307035446167,644.6569155998683,133.2908582687378,578.5204268002417,50.40502071380615,771.7873380335126,148.70542526245117,419.9309464340331,288.5594701766968,505.1101843516032,0,0.3836343671165497
4096,2048,0,206158430208,142606336,1445.6470588235295,2.0,16777216,0.0,0.0,912.1306276321411,5318.587533333145,876.0753011703491,3471.00757980855,372.3789644241333,2054.0104888331066,245.91397285461426,1367.792401232873,36.514530181884766,728.2349114005532,257.3231601715088,1168.5497318666119,503.6963367462158,1416.9970909754436,0,0.2523979798449967
4096,2048,1,206158430208,71303168,2891.294117647059,2.0,16777216,0.0,0.0,679.3604564666748,2861.6407849660995,639.3428611755371,1684.6536465813795,261.0967683792114,924.9388206333,176.47045135498047,647.6696626331735,50.24352550506592,762.3108115997942,191.549711227417,526.7214900998321,378.2460927963257,759.7148259480795,0,0.3795099737402627
4096,4096,0,549755813888,301989888,1820.4444444444443,1.0,16777216,0.0,0.0,2523.2411909103394,10822.614867600108,2476.675305366516,9498.175612673125,1473.7360763549805,5967.1249464998255,504.56509590148926,2085.8799115667352,39.12562370300293,714.3784985664146,505.8143949508667,2055.2315109671326,1002.9392290115356,3531.0506661732993,0,0.2607527388798712
4096,4096,1,549755813888,150994944,3640.8888888888887,1.0,16777216,0.0,0.0,1859.3659687042236,4007.765757433178,1812.344036102295,3726.578354052617,1069.4488525390625,1841.7154701669158,363.61729621887207,785.2604276665564,57.04300403594971,562.8189240659898,369.25681591033936,817.9709355337158,742.8951835632324,1884.8628838857014,0,0.4863292446625706
4096,33,0,2232434688,34912646,63.94344009331175,124.12121212121212,16777216,0.0,0.484375,89.11603450775146,2142.3131897667186,37.112464904785156,115.99751014340048,1.143031120300293,12.221937366606047,14.127187728881836,1088.9380999336329,58.58095169067383,674.4901431326676,15.264863967895508,366.66300933381234,35.96943378448486,103.77557277679443,0,0.31994190960569185
4096,33,1,2232434688,17456323,127.8868801866235,124.12121212121212,16777216,0.0,0.484375,97.74994373321533,1463.6350069650994,50.86726188659668,104.73985279386397,1.5250539779663086,6.534691699198447,26.821136474609375,510.8578200665458,58.39416980743408,725.3421737996783,11.009583473205566,220.9003213996766,49.34220790863037,98.20516109466553,0,0.4856533643092599
4096,65,0,4431298560,36242182,122.26908854439283,63.01538461538462,16777216,0.0,0.3229166666666667,79.7406816482544,2172.4521122998945,43.52226734161377,138.46634255896788,1.2293052673339844,17.167107532926213,18.44749927520752,1093.5943263670197,40.80484390258789,647.1337500668596,19.259033203125,414.55692833308905,42.292962074279785,121.29923502604167,0,0.31431658074653906
4096,65,1,4431298560,18121091,244.53817708878566,63.01538461538462,16777216,0.0,0.3229166666666667,80.84182739257812,1410.2210550986154,51.59189701080322,135.6189030057673,1.8143701553344727,10.135715966074107,17.589740753173828,514.723348399275,51.899614334106445,626.4923512664003,9.538102149963379,258.8696394668659,49.77752685546875,125.48318703969319,0,0.38041818557262064
4096,129,0,8929689600,38938118,229.33028247538826,31.751937984496124,16777216,0.0,0.19375,110.94728946685791,2296.911417899537,64.02819156646729,203.5661884069365,4.607958793640137,54.04526669978319,33.35801124572754,1100.9986174671212,39.150357246398926,762.502649766005,33.83096218109131,379.36488396662753,59.42023277282715,149.52092170715332,0,0.3145325462324446
4096,129,1,8929689600,19469059,458.6605649507765,31.751937984496124,16777216,0.0,0.19375,98.56772422790527,1567.4432978325056,62.18022346496582,164.12567217388036,4.663801193237305,43.77937236664972,24.513354301452637,516.9963891336616,50.830984115600586,764.9559643662845,18.559584617614746,241.71157196590988,57.516422271728516,120.34629980723064,0,0.37885738800868374
4096,257,0,18329124864,44477446,412.09931127790026,15.937743190661479,16777216,0.0,0.1076388888888889,136.9922924041748,2619.710896200074,95.8411455154419,326.42566539191955,11.587433815002441,108.52614420000464,48.83623123168945,1310.3059146999537,38.62811088562012,753.1890597669795,37.94051647186279,447.68977753313567,84.25371170043945,217.89952119191489,0,0.2936078736344804
4096,257,1,18329124864,22238723,824.1986225558005,15.937743190661479,16777216,0.0,0.1076388888888889,125.9027099609375,1411.1591654325216,83.92839908599854,245.00711818012252,9.847402572631836,88.42090029987351,36.301140785217285,514.9507825330753,57.60241985321045,542.4781872997604,22.15174674987793,265.3092952998122,74.0809965133667,156.58621788024902,0,0.34255494170702694
4096,385,0,28265431040,50213382,562.9063391906166,10.638961038961039,16777216,0.0,0.07451923076923077,189.48235511779785,2683.816969432519,125.60330390930176,510.6231997652988,16.819300651550293,225.22263430000748,63.63431930541992,1312.9299865666933,41.83091640472412,747.6051673661763,67.19781875610352,398.0591811996419,108.78400325775146,285.4005654652913,0,0.2459804097562227
4096,385,1,28265431040,25106691,1125.8126783812331,10.638961038961039,16777216,0.0,0.07451923076923077,141.32018566131592,1671.6816958670581,104.58170890808105,333.51606216165237,13.184771537780762,139.06161473326696,44.605674743652344,522.3698244662955,50.249338150024414,715.2960894668164,33.2804012298584,294.95416720067925,91.3969373703003,194.4544474283854,0,0.3135732301174484
4096,513,0,38738608128,56145926,689.9629392166406,7.984405458089668,16777216,0.0,0.05698529411764706,250.33745288848877,2898.6462731661354,191.87394618988037,846.1970906452432,32.66855716705322,485.69480786682107,82.52686023712158,1337.1568964998005,51.502041816711426,639.2886222330466,83.63999366760254,436.5059465664672,159.20538902282715,360.50228277842206,0,0.22674852975867882
4096,513,1,38738608128,28072963,1379.9258784332812,7.984405458089668,16777216,0.0,0.05698529411764706,176.94435596466064,1637.7124816004653,134.68957901000977,417.3378299407583,24.739723205566406,194.9726175002676,52.731733322143555,527.6064766667938,52.42342472076416,591.5657842337774,47.04947471618652,323.5676031996263,109.94985580444336,222.36521244049072,0,0.32273513050357583
4096,769,0,61295575040,68600838,893.5105871447226,5.326397919375813,16777216,0.0,0.03875,358.8541650772095,3324.070699366469,291.1086940765381,1271.6783326255002,75.32431125640869,766.5634355333168,113.56558799743652,1367.2687829326605,53.286166191101074,651.9947071336597,116.67809963226318,538.2437737668321,215.7843828201294,505.1148970921834,0,0.22891692545827738
4096,769,1,61295575040,34300419,1787.0211742894453,5.326397919375813,16777216,0.0,0.03875,231.74473762512207,1861.7016365014326,192.9496669769287,584.2038754315581,41.186089515686035,295.3539097002552,73.78937721252441,540.7469262000328,50.394110679626465,683.8885279003686,66.37516021728516,341.71227270077605,151.76357746124268,288.8499657313029,0,0.33027796475056687
1,34,0,4760,7278,0.6540258312723276,0.029411764705882353,1,0.96875,0.46875,1.741018295288086,1.4789817311490576,0.4262256622314453,1.0991472265838336,0.1732635498046875,0.10358276582943897,0.17134666442871094,0.07730719905036192,1.2153196334838867,1.163231934575985,0.18108844757080078,0.1348598316932718,0.2529621124267578,0.9955644607543945,0,0.38777849947923826
1,34,1,4760,3639,1.3080516625446552,0.029411764705882353,1,0.96875,0.46875,1.9952630996704102,0.9155141674758245,0.6539487838745117,0.9784578675559411,0.33869266510009766,0.09965493227355182,0.20446300506591797,0.08586296656479438,1.2489604949951172,0.4781978010820846,0.20314693450927734,0.25179846755539376,0.31525611877441406,0.8788029352823893,0,0.6683463903335866
1,66,0,17688,26798,0.6600492574072692,0.015151515151515152,1,0.96875,0.3125,1.9217777252197266,0.7313226660092671,0.4669332504272461,0.49202928591209155,0.2152395248413086,0.061636066917950906,0.2519369125366211,0.056244266064216696,1.2815093994140625,0.5417296992770085,0.17309188842773438,0.071712633750091,0.2516937255859375,0.4303932189941406,0,0.9489948338373313
1,66,1,17688,13399,1.3200985148145383,0.015151515151515152,1,0.96875,0.3125,2.528390884399414,0.8728604336890081,0.5374002456665039,0.5773416468097519,0.211181640625,0.05059553271469971,0.19095420837402344,0.04390650040780505,1.6993427276611328,0.5270919005852193,0.4269123077392578,0.25126649998128414,0.3262186050415039,0.5267461140950521,0,0.9308184307091748
1,130,0,68120,102702,0.6632782224299429,0.007692307692307693,1,0.96875,0.1875,1.993851661682129,0.8561184338759631,0.48740386962890625,0.6003156634202849,0.2204608917236328,0.07156683326077957,0.18650531768798828,0.043498165905475616,1.2394237518310547,0.4541250333810846,0.3474617004394531,0.2869284013286233,0.26694297790527344,0.5287488301595052,0,0.8119126308514654
1,130,1,68120,51351,1.3265564448598859,0.007692307692307693,1,0.96875,0.1875,2.20369815826416,0.7677192644526563,0.7557535171508789,0.4908476044268658,0.4272174835205078,0.08535323237689833,0.19689559936523438,0.05534979864023626,1.3353490829467773,0.3708496340550482,0.24423599243164062,0.2561665993804733,0.3285360336303711,0.40549437204996747,1,1.5396907519459697
1,258,0,267288,401966,0.6649517620893309,0.003875968992248062,1,0.96875,0.10416666666666667,2.6369857788085938,1.6072345645322152,0.5610942840576172,0.9334234598403176,0.2761650085449219,0.27127943467348814,0.23287296295166016,0.14777679850036898,1.7930936813354492,0.9488509657482306,0.3348541259765625,0.23932736561012766,0.2849292755126953,0.6621440251668295,0,0.6011144011246563
1,258,1,267288,200983,1.3299035241786619,0.003875968992248062,1,0.96875,0.10416666666666667,2.1791791915893555,0.8580768015235662,0.7853555679321289,0.5932723831695815,0.42747020721435547,0.09713126734519999,0.23571014404296875,0.03800500029077133,1.3123798370361328,0.6103061663452536,0.20361900329589844,0.11263436754234135,0.35788536071777344,0.49614111582438153,1,1.3237689638211967
1,386,0,597528,897838,0.6655187238677801,0.0025906735751295338,1,0.96875,0.07211538461538461,2.4733543395996094,0.9600511674458783,0.7159996032714844,0.6815674695341537,0.3525209426879883,0.1704536669421941,0.2362966537475586,0.039648066740483046,1.5210723876953125,0.4219049005769193,0.36346435546875,0.32804453318628174,0.3634786605834961,0.5111138025919596,1,1.0505190392388661
1,386,1,597528,448919,1.3310374477355602,0.0025906735751295338,1,0.96875,0.07211538461538461,2.9162168502807617,1.2039258688067396,0.8684062957763672,1.4240481463881831,0.47025203704833984,0.1706578341933588,0.3123807907104492,0.2231075680659463,1.6776084899902344,0.7191779654628286,0.4559755325317383,0.09098250108460586,0.39815425872802734,1.2533903121948242,0,0.609815263605313
1,514,0,1058840,1590318,0.6658039461290132,0.0019455252918287938,1,0.96875,0.05514705882352941,2.1940994262695312,0.6748978339601309,0.8275508880615234,1.0185413625246533,0.4723072052001953,0.26421676739118993,0.2816009521484375,0.04691073360542456,1.2753677368164062,0.23032996687106788,0.1648235321044922,0.13344036609244844,0.3552436828613281,0.7543245951334635,0,0.812486285299477
1,514,1,1058840,795159,1.3316078922580263,0.0019455252918287938,1,0.96875,0.05514705882352941,2.35107421875,1.2139677982001256,1.010584831237793,0.9657483412108073,0.5970239639282227,0.16197573277167976,0.2634859085083008,0.038316098895544805,1.2972497940063477,0.6953413326603671,0.1933145523071289,0.31833463387253386,0.4135608673095703,0.8037726084391276,1,1.0464266808584646
1,770,0,2374680,3565102,0.6660903390702426,0.0012987012987012987,1,0.96875,0.0375,2.469162940979004,1.5177187005368373,1.2174367904663086,1.1388672535152486,0.6871652603149414,0.6865633671016743,0.3668403625488281,0.16663689942409596,1.2445878982543945,0.41142413392663,0.17056941986083984,0.25309430008443695,0.5302715301513672,0.4523038864135742,1,1.0689891966851675
1,770,1,2374680,1782551,1.3321806781404852,0.0012987012987012987,1,0.96875,0.0375,2.7105188369750977,1.2415641996388636,1.3965511322021484,1.018434048940738,0.7673168182373047,0.5047691675523917,0.38413047790527344,0.15832979891759655,1.3654661178588867,0.34245319936114055,0.1936054229736328,0.23601203380773464,0.6292343139648438,0.5136648813883463,1,1.371273018272205
1,1026,0,4214808,6326318,0.6662339768566803,0.0009746588693957114,1,0.96875,0.028409090909090908,2.8958702087402344,2.6437596650794153,1.4789724349975586,1.8085347663145512,1.0834789276123047,1.0967360984068364,0.40175437927246094,0.15710753311092654,1.243138313293457,1.040232100058347,0.16749858856201172,0.3496839335033049,0.3954935073852539,0.7117986679077148,0,0.8177738479484263
1,1026,1,4214808,3163159,1.3324679537133606,0.0009746588693957114,1,0.96875,0.028409090909090908,3.3974456787109375,1.4702094000919412,1.4768791198730469,1.1116826576956857,0.9373378753662109,0.5323572996227691,0.48581600189208984,0.16122013330459595,1.7087841033935547,0.5122401654565086,0.26550769805908203,0.2643918017080675,0.5395412445068359,0.5793253580729166,1,1.3285078341820555
1,1538,0,9467928,14208046,0.6663779100940411,0.0006501950585175553,1,0.96875,0.01913265306122449,3.8125181198120117,3.355369365696485,2.2664356231689453,2.9215506142160548,1.7622852325439453,2.2710890994252018,0.5295228958129883,0.19071520073339343,1.3491201400756836,0.7470868993550539,0.17158985137939453,0.1464781661828359,0.504150390625,0.6504615147908529,0,0.7757646272293326
1,1538,1,9467928,7104023,1.3327558201880823,0.0006501950585175553,1,0.96875,0.01913265306122449,3.5376787185668945,1.899554702686146,2.1926403045654297,1.7631446302402765,1.6060829162597656,1.2709453682570409,0.41231632232666016,0.06378886755555868,1.2680768966674805,0.34416016618100304,0.2512025833129883,0.2206603006925434,0.5865573883056641,0.49219926198323566,1,1.2435963941691062
1,2050,0,16818200,25235502,0.666449987798935,0.0004878048780487805,1,0.96875,0.014423076923076924,4.628767967224121,4.553317299966389,3.4229469299316406,4.681226948741823,2.7599143981933594,3.677087366425743,0.5109262466430664,0.05174276690619687,1.2145614624023438,0.5635801663932701,0.14336585998535156,0.26090700024118024,0.6630325317382812,1.0041395823160808,0,0.731207217127473
1,2050,1,16818200,12617751,1.33289997559787,0.0004878048780487805,1,0.96875,0.014423076923076924,4.741568565368652,3.153003862826153,3.0052614212036133,3.175204258877784,2.332940101623535,2.1586033321606615,0.5446720123291016,0.06271939879904191,1.663661003112793,0.7374561333563179,0.20029544830322266,0.19422499851013222,0.6723213195800781,1.0166009267171223,0,0.9464781400443719
1,2060,0,16982640,25482202,0.6664510390428582,0.0004854368932038835,1,0.96875,0.009615384615384616,7.81773567199707,4.582340167447303,5.27008056640625,4.673738414809729,4.370732307434082,3.8486591326848916,0.9875202178955078,0.059122099385907255,2.307252883911133,0.4915897346412142,0.15223026275634766,0.18296920073529085,0.899348258972168,0.8250792821248373,1,1.1275942508264658
1,2060,1,16982640,12741101,1.3329020780857164,0.0004854368932038835,1,0.96875,0.009615384615384616,4.718880653381348,3.0126605667949966,2.9060792922973633,3.1906251407538853,2.0790672302246094,2.192223498908182,0.6625699996948242,0.05662343270766238,1.6937541961669922,0.41679506733392674,0.2834892272949219,0.34701856784522533,0.8270120620727539,0.9984016418457031,0,0.9108181513327858
1,2070,0,17147880,25730102,0.6664520801355548,0.0004830917874396135,1,0.96875,0.004807692307692308,6.37667179107666,4.408807198827465,3.6836719512939453,4.509025226191928,2.822384834289551,3.817357033646355,0.9128713607788086,0.05967626736188928,2.473483085632324,0.2255756660209348,0.16793251037597656,0.30619823179828626,0.8612871170043945,0.6916681925455729,0,0.8169552766962385
1,2070,1,17147880,12865051,1.3329041602711096,0.0004830917874396135,1,0.96875,0.004807692307692308,3.957858085632324,2.9273601656313986,2.5028610229492188,2.5835573207587004,1.7661476135253906,2.0350118012477956,0.6779718399047852,0.05655539959358672,1.3131523132324219,0.670157466083765,0.20058631896972656,0.16563549870625138,0.7367134094238281,0.5485455195109049,0,0.9687654316158993
1,2080,0,17313920,25979202,0.6664531112233547,0.0004807692307692308,1,0.96875,0.0,4.942617416381836,4.850209801224992,3.6270666122436523,4.6039766146956635,2.8377532958984375,3.8964615339258066,0.786890983581543,0.058412367555623255,1.1373186111450195,0.708424934418872,0.18065452575683594,0.18691096532468995,0.7893133163452148,0.7075150807698568,0,0.7878116931928448
1,2080,1,17313920,12989601,1.3329062224467094,0.0004807692307692308,1,0.96875,0.0,4.340152740478516,3.1989993003662676,3.1221723556518555,3.402562557797258,2.262134552001953,2.176487067481503,0.6296014785766602,0.1941666666728755,1.26617431640625,0.6843174671909461,0.18224239349365234,0.14402809902094305,0.8600378036499023,1.2260754903157551,0,0.9175944020476965
1,2090,0,17480760,26229502,0.6664541324497888,0.0004784688995215311,1,0.96875,0.010416666666666666,5.382900238037109,4.839378967881204,3.177776336669922,5.336144256095092,2.8241634368896484,3.9399332677324614,0.8190345764160156,0.14726566732861102,1.6284847259521484,0.5548397001499931,0.11121749877929688,0.1973403326701373,0.35361289978027344,1.3962109883626301,0,0.5955191959138244
1,2090,1,17480760,13114751,1.3329082648995776,0.0004784688995215311,1,0.96875,0.010416666666666666,4.829678535461426,3.452513099182397,2.610492706298828,3.4396509698126465,1.8480205535888672,2.2133211663458496,0.5042457580566406,0.06239856593310833,2.087588310241699,0.8679895002084473,0.38982391357421875,0.30880386669499177,0.7624721527099609,1.2263298034667969,0,0.7589411626962309
1,2100,0,17648400,26481002,0.6664551439556554,0.0004761904761904762,1,0.96875,0.005681818181818182,5.914449691772461,4.893834264172862,3.263373374938965,4.919254995184019,2.3961448669433594,3.992895500656838,0.8895158767700195,0.05963736524184545,2.329707145690918,0.6475236325059086,0.29908180236816406,0.1937777657682697,0.8672285079956055,0.926359494527181,0,0.6633877239813402
1,2100,1,17648400,13240501,1.3329102879113108,0.0004761904761904762,1,0.96875,0.005681818181818182,4.739394187927246,3.1686722669595233,2.916574478149414,3.2883470431746296,2.1967077255249023,2.2171323672713092,0.5163097381591797,0.05652623367495835,1.8276119232177734,0.7284684320135663,0.19876480102539062,0.16654523399968943,0.7198667526245117,1.0712146759033203,0,0.8869424181377463
1,2200,0,19368800,29062002,0.666464753529368,0.00045454545454545455,1,0.96875,0.0036231884057971015,4.59104061126709,5.148273101076484,3.2506227493286133,5.277485421781117,2.503066062927246,4.31655523328421,0.7300233840942383,0.056234533743311964,1.2387371063232422,0.6150145995585868,0.11921405792236328,0.16046873449037471,0.7475566864013672,0.9609301884969076,0,0.6159415876191182
1,2200,1,19368800,14531001,1.332929507058736,0.00045454545454545455,1,0.96875,0.0036231884057971015,4.459176063537598,3.4114441349326325,2.6358699798583984,3.0235284784187875,1.9417190551757812,2.3749107339729867,0.4640817642211914,0.05839293395789961,1.7266178131103516,0.6942010329415401,0.32675743103027344,0.283939434060206,0.6941509246826172,0.6486177444458008,0,0.8717860601190294
1,2300,0,21169200,31763002,0.666473527911499,0.0004347826086956522,1,0.96875,0.001736111111111111,5.455389022827148,4.856982167499761,3.1044864654541016,4.820132930763066,2.7204227447509766,4.10822300085177,0.7867145538330078,0.15582139991844693,1.5488290786743164,0.4093296340821932,0.39942264556884766,0.18360813264735043,0.384063720703125,0.7119099299112955,0,0.6440665662228192
1,2300,1,21169200,15881501,1.332947055822998,0.0004347826086956522,1,0.96875,0.001736111111111111,4.035654067993164,3.220678900834173,2.5380563735961914,3.252435223354648,1.7566204071044922,2.56158560126399,0.6269025802612305,0.05443586657444636,1.4363670349121094,0.46751283419628936,0.21576404571533203,0.1371445987994472,0.7814359664916992,0.6908496220906576,0,0.7803557025121542
1,2400,0,23049600,34584002,0.6664815714502909,0.0004166666666666667,1,0.96875,0.0,5.167241096496582,5.402774398680776,3.825502395629883,5.284613112841423,2.90252685546875,4.701155166064079,0.8856296539306641,0.05498033327360948,1.2267446517944336,0.358777167275548,0.15233993530273438,0.2878617320675403,0.9229755401611328,0.5834579467773438,0,0.7238945054149845
1,2400,1,23049600,17292001,1.3329631429005817,0.0004166666666666667,1,0.96875,0.0,4.270930290222168,3.582706164646273,2.956709861755371,4.212660555883001,2.144618034362793,2.7446617333528898,0.6410884857177734,0.06002629913079242,1.3140535354614258,0.6171799323055893,0.17117023468017578,0.1608381998570015,0.8120918273925781,1.4679988225301106,0,0.7018628305160528
1,2500,0,25010000,37525002,0.6664889718060508,0.0004,1,0.96875,0.011075949367088608,5.538625717163086,6.61240039820162,3.9849424362182617,6.995953004419183,3.208179473876953,5.4777829655601336,0.7972526550292969,0.06474166681679587,1.3765525817871094,0.6923343326585988,0.15664100646972656,0.3775414331660916,0.7767629623413086,1.5181700388590496,0,0.5696068046342028
1,2500,1,25010000,18762501,1.3329779436121016,0.0004,1,0.96875,0.011075949367088608,5.608367919921875,3.843963103524099,4.24774169921875,3.706798714119941,3.3971357345581055,3.046864034452786,0.682368278503418,0.06240830019426843,1.3252830505371094,0.5772846013618013,0.2035808563232422,0.15740616751524308,0.8506059646606445,0.6599346796671549,1,1.1459326569414865
1,2600,0,27050400,40586002,0.6664958031589315,0.0003846153846153846,1,0.96875,0.009146341463414634,5.45931339263916,5.968126800144091,4.010300636291504,5.8872905404617395,3.4370994567871094,5.184583567703764,0.4362678527832031,0.058149866526946425,1.2886285781860352,0.38455410006766516,0.2973175048828125,0.340839265845716,0.5732011795043945,0.7027069727579752,0,0.6811793317706683
1,2600,1,27050400,20293001,1.332991606317863,0.0003846153846153846,1,0.96875,0.009146341463414634,5.679054260253906,4.03653397030818,3.770923614501953,4.115405930982282,2.8488540649414062,3.1226309676033757,0.7706212997436523,0.05440673364015917,1.6282463073730469,0.6875842344015837,0.4313325881958008,0.1719120346630613,0.9220695495605469,0.9927749633789062,0,0.9162944501083258
1,2800,0,31371200,47068002,0.6665080026129003,0.00035714285714285714,1,0.96875,0.005681818181818182,6.588726043701172,7.732148033877214,5.023980140686035,7.961805795396989,4.197945594787598,6.680933768317725,0.8181905746459961,0.06386666597488026,1.2434720993041992,0.7685776334255934,0.3291177749633789,0.2187699661590159,0.8260345458984375,1.2808720270792644,0,0.6310101338556363
1,2800,1,31371200,23534001,1.3330160052258007,0.00035714285714285714,1,0.96875,0.005681818181818182,4.303011894226074,4.27992390274691,2.865266799926758,4.0645238710567355,1.9823408126831055,3.2899734331294894,0.7564687728881836,0.10794816771522164,1.2903165817260742,0.7079971682590743,0.27388572692871094,0.1740051336431255,0.8829259872436523,0.7745504379272461,0,0.70494525086448
1,3000,0,36012000,54030002,0.6665185761051795,0.0003333333333333333,1,0.96875,0.0026595744680851063,7.579345703125,6.800179334823042,6.204643249511719,6.536227239606282,5.379934310913086,5.808724734621744,0.6145811080932617,0.0776141668514659,1.255202293395996,0.6955816003028303,0.32962799072265625,0.21825883304700255,0.8247089385986328,0.7275025049845377,0,0.9492698191266471
1,3000,1,36012000,27015001,1.333037152210359,0.0003333333333333333,1,0.96875,0.0026595744680851063,5.6325483322143555,4.902251062837118,3.9854812622070312,4.966709512518719,3.1705570220947266,4.027276732570802,0.6920957565307617,0.06007489864714444,1.3451910018920898,0.5013954651076347,0.42470455169677734,0.3135039665115376,0.8149242401123047,0.9394327799479166,0,0.8024389693340276
1,3500,0,49014000,73535002,0.6665397248510309,0.00028571428571428574,1,0.96875,0.005681818181818182,12.662291526794434,10.926408200369526,11.483063697814941,11.873835005098954,10.51309585571289,9.934681333834305,0.3251314163208008,0.06671533337794244,1.6341733932495117,0.6158535000092039,0.18989086151123047,0.30915803314807516,0.9699678421020508,1.9391536712646484,0,0.9670897138863557
1,3500,1,49014000,36767501,1.3330794497020617,0.00028571428571428574,1,0.96875,0.005681818181818182,5.991001129150391,6.340033300997069,5.009903907775879,6.348972591028239,3.9943981170654297,5.450810067122802,0.47298431396484375,0.07584466754148404,1.3067197799682617,0.620038299045215,0.21689891815185547,0.19334026728756726,1.0155057907104492,0.8981625239054362,0,0.7890889172927595
1,8000,0,256032000,384080002,0.6666111192115647,0.000125,1,0.96875,0.0,28.001389503479004,42.171738434505336,26.882286071777344,43.335416491997115,25.500311851501465,41.353037532341354,0.7476139068603516,0.11763170089883108,1.5708303451538086,0.5417088337708265,0.1826333999633789,0.15936036749432483,1.381974220275879,1.9823789596557617,0,0.6203306267228741
1,8000,1,256032000,192040001,1.3332222384231294,0.000125,1,0.96875,0.0,17.254490852355957,19.474719299857195,16.244096755981445,20.41227925413599,15.09209156036377,18.421682800787192,0.7043075561523438,0.11529833233604829,1.2847900390625,0.7629872008692473,0.17330169677734375,0.17475096586470804,1.1520051956176758,1.9905964533487956,0,0.7958002413027945
32,34,0,287232,19864,14.459927507047926,0.9411764705882353,1024,0.0,0.46875,1.9262027740478516,1.781067366634185,0.5797290802001953,1.6159975881843518,0.24268150329589844,0.1550241664517671,0.17966747283935547,0.0913324998691678,1.311187744140625,1.3844407997870196,0.19266605377197266,0.15026990052623054,0.3370475769042969,1.4609734217325847,0,0.3587437781089437
32,34,1,287232,9932,28.91985501409585,0.9411764705882353,1024,0.0,0.46875,2.3957300186157227,1.1359952002142866,0.6688594818115234,0.8511592537009468,0.24154186248779297,0.16786750056780875,0.2358865737915039,0.1498129335232079,1.691756248474121,0.4470859654247761,0.2265453338623047,0.3712288006984939,0.42731761932373047,0.6832917531331381,0,0.7858217823553452
32,66,0,827904,49304,16.791822164530263,0.48484848484848486,1024,0.0,0.3125,1.9873666763305664,1.3035418349318206,0.641326904296875,1.9919212868747613,0.26364803314208984,0.35242003311092657,0.23421764373779297,0.0859852007124573,1.3139677047729492,0.6123575672972947,0.17553329467773438,0.25277903381114203,0.37767887115478516,1.6395012537638347,0,0.32196397946180355
32,66,1,827904,24652,33.583644329060526,0.48484848484848486,1024,0.0,0.3125,2.366776466369629,1.4637230313383043,0.7611942291259766,1.7387521530811987,0.32413482666015625,0.45649729824314517,0.22794723510742188,0.25444573257118464,1.5924787521362305,0.3948237339500338,0.2222156524658203,0.3579562665739407,0.4370594024658203,1.2822548548380535,0,0.43778190455556504
32,130,0,2695680,145048,18.584744360487562,0.24615384615384617,1024,0.0,0.1875,2.083110809326172,1.3784239650703967,0.6864500045776367,1.1918496612148979,0.30498504638671875,0.38354709977284074,0.2558326721191406,0.15708529972471297,1.3245534896850586,0.441933066273729,0.1977396011352539,0.39585849929911393,0.38146495819091797,0.8083025614420573,0,0.5759535173907018
32,130,1,2695680,72524,37.169488720975124,0.24615384615384617,1024,0.0,0.1875,2.6718759536743164,1.9252926673895367,0.9022235870361328,1.6294772426287332,0.4347038269042969,0.8262927333513895,0.25542736053466797,0.2602014011548211,1.745743751525879,0.5434894332817445,0.23600101470947266,0.2953090996015817,0.46751976013183594,0.8031845092773438,0,0.5536889767055797
32,258,0,9576960,483992,19.78743450304964,0.12403100775193798,1024,0.0,0.10416666666666667,2.3839235305786133,2.6102115341927856,1.0178232192993164,3.760564449476078,0.5751609802246094,0.837266567396,0.2914094924926758,0.5911918337612102,1.314711570739746,0.750878598773852,0.20264148712158203,0.43087453426172334,0.44266223907470703,2.923297882080078,0,0.2706570337974448
32,258,1,9576960,241996,39.57486900609928,0.12403100775193798,1024,0.0,0.10416666666666667,3.0446529388427734,1.9784535320165255,1.1502933502197266,1.6055041788301119,0.6547307968139648,0.6785645324271172,0.48802852630615234,0.1842594996560365,1.6976737976074219,0.5867000669240952,0.20421981811523438,0.5289294330092768,0.4955625534057617,0.9269396464029948,0,0.7164686117839411
32,386,0,20652544,1019544,20.25664807011762,0.08290155440414508,1024,0.0,0.07211538461538461,3.2009315490722656,2.2279048008689037,1.6801643371582031,2.9700562707148492,1.1825370788574219,0.738418633894374,0.4103565216064453,0.25000260017501813,1.4115142822265625,0.7261197664774954,0.19652366638183594,0.5133638003220161,0.49762725830078125,2.231637636820475,0,0.5657011800499699
32,386,1,20652544,509772,40.51329614023524,0.08290155440414508,1024,0.0,0.07211538461538461,3.1190061569213867,3.0332081330319247,1.3592195510864258,3.5038002689058585,0.7641363143920898,1.317788000839452,0.37718772888183594,0.15729920123703778,1.728353500366211,0.897788698785007,0.24932861328125,0.6603322321704278,0.5950832366943359,2.1860122680664062,0,0.38792723522190753
32,514,0,35922432,1751704,20.50713590880651,0.0622568093385214,1024,0.0,0.05514705882352941,3.3972883224487305,3.4231207003661743,1.9123601913452148,3.61301318431894,1.3157987594604492,1.5362204673389595,0.5381441116333008,0.4457637337812533,1.3269519805908203,0.7304101328675946,0.21639347076416016,0.710726366378367,0.5965614318847656,2.0767927169799805,0,0.5292978723811932
32,514,1,35922432,875852,41.01427181761302,0.0622568093385214,1024,0.0,0.05514705882352941,2.917947769165039,3.008817332253481,1.4371919631958008,4.793829734747608,0.8336591720581055,1.4108608321597178,0.3750801086425781,0.2809199000087877,1.471548080444336,0.38899446759993833,0.23766040802001953,0.9280421324850371,0.6035327911376953,3.3829689025878906,0,0.2998003773013578
32,770,0,79045120,3805848,20.769384378987287,0.04155844155844156,1024,0.0,0.0375,5.197482109069824,3.2018034330879646,3.4338951110839844,4.5467708647872005,2.912735939025879,1.823371066711843,0.6503391265869141,0.3274514669707666,1.476912498474121,0.4750282658884923,0.15749454498291016,0.575952633516863,0.5211591720581055,2.723399798075358,0,0.7552382148126346
32,770,1,79045120,1902924,41.53876875797457,0.04155844155844156,1024,0.0,0.0375,4.4245147705078125,4.066183066849287,2.4428749084472656,5.4257825152793275,1.7359733581542969,1.9845759011028956,0.6315040588378906,0.27751706656999886,1.7878532409667969,0.6086922328298291,0.2691841125488281,1.195397866346563,0.7069015502929688,3.441206614176432,0,0.4502345793566152
32,1026,0,138945024,6646424,20.90523024110409,0.031189083820662766,1024,0.0,0.028409090909090908,6.518874168395996,5.3956990673517184,5.2854108810424805,7.723712282798564,4.443035125732422,2.735383666974182,0.5660533905029297,0.6765894999261945,1.2900543212890625,0.6767297997915497,0.21973133087158203,1.3069961006597925,0.8423757553100586,4.988328615824382,0,0.6843096541560189
32,1026,1,138945024,3323212,41.81046048220818,0.031189083820662766,1024,0.0,0.028409090909090908,4.99140739440918,5.869632800264905,3.1780147552490234,5.865493341116235,2.207827568054199,2.9192834335844964,0.6723117828369141,0.33723223411167663,1.8303728103637695,0.9300574330457797,0.2808952331542969,1.6830596995229523,0.9701871871948242,2.9462099075317383,0,0.5418154229196056
32,1538,0,309076480,14686872,21.044404826296574,0.02080624187256177,1024,0.0,0.01913265306122449,8.840885162353516,6.9812038641733425,7.165684700012207,10.186106509839494,6.2100934982299805,4.996544665967424,0.8611536026000977,0.5353170330636203,1.5877246856689453,0.40770039971296984,0.1819133758544922,1.041641765429328,0.9555912017822266,5.18956184387207,0,0.7034763177756247
32,1538,1,309076480,7343436,42.08880965259315,0.02080624187256177,1024,0.0,0.01913265306122449,6.279802322387695,8.50749639988256,4.113917350769043,9.566379759538297,3.089418411254883,4.711120499996468,0.550999641418457,0.47121703197869164,1.9544601440429688,0.8171022675621012,0.6849241256713867,2.5080566003452986,1.0244989395141602,4.855259259541829,0,0.4300391009114187
32,2050,0,546316800,25873048,21.115285682614587,0.015609756097560976,1024,0.0,0.014423076923076924,10.452413558959961,8.593519032001495,9.454069137573242,15.8791176470307,7.983050346374512,6.524216333248963,0.9360599517822266,0.6194744006885836,1.2767314910888672,0.49205219838768244,0.25657176971435547,0.9577760996762663,1.4710187911987305,9.354901313781738,0,0.5953774855582795
32,2050,1,546316800,12936524,42.230571365229174,0.015609756097560976,1024,0.0,0.014423076923076924,8.433961868286133,11.156415628890196,7.03610897064209,12.3526917246636,5.683555603027344,6.466645632948105,0.8385419845581055,0.5889653984922916,1.5943622589111328,0.48828963190317154,0.3175020217895508,3.612514965546628,1.352553367614746,5.886046091715495,0,0.5696012761812611
32,2060,0,551618560,26122848,21.11632544812878,0.015533980582524271,1024,0.0,0.009615384615384616,15.616850852966309,9.97984319886503,12.688169479370117,18.037443190890677,11.758646965026855,7.912012765882537,1.1290407180786133,0.7110402317872891,2.5153684616088867,0.4104810340019564,0.21379470825195312,0.9463091671932489,0.9295225143432617,10.125430425008139,0,0.7034350348378607
32,2060,1,551618560,13061424,42.23265089625756,0.015533980582524271,1024,0.0,0.009615384615384616,7.553348541259766,9.617193735903129,6.30953311920166,13.13774244238933,4.863376617431641,6.664685967067878,0.6024169921875,0.5780374010403951,1.6682195663452148,0.8811438999449214,0.41933536529541016,1.4933264678499352,1.4461565017700195,6.473056475321452,0,0.48026007107916485
32,2070,0,556945920,26373848,21.117355343823927,0.015458937198067632,1024,0.0,0.004807692307692308,11.647453308105469,8.413504029158503,10.065956115722656,13.975454938675586,9.202704429626465,5.670199366674448,0.9215259552001953,0.6209035986103117,1.2998199462890625,0.4727865317060302,0.2234029769897461,1.649614532167713,0.8632516860961914,8.305255572001139,0,0.7202596380505791
32,2070,1,556945920,13186924,42.234710687647855,0.015458937198067632,1024,0.0,0.004807692307692308,7.578268051147461,9.655075099241609,6.652016639709473,14.168984171313543,5.286102294921875,6.69153380052497,0.5076789855957031,0.57273866647544,1.38397216796875,0.7307642663363367,0.4005146026611328,1.6600383659048628,1.3659143447875977,7.477450370788574,0,0.4694773146247925
32,2080,0,562298880,26626048,21.118375509576186,0.015384615384615385,1024,0.0,0.0,9.84795093536377,9.496549503334489,8.65100383758545,14.195338013814762,7.533836364746094,7.625467700806136,0.7924699783325195,0.6159840345693132,1.3094091415405273,0.38211096737844247,0.2122354507446289,0.872986800580596,1.1171674728393555,6.569870313008626,0,0.6094257022387476
32,2080,1,562298880,13313024,42.23675101915237,0.015384615384615385,1024,0.0,0.0,6.845812797546387,11.91582910056847,5.432848930358887,12.376117954651516,3.95505428314209,7.053645700216293,0.8779048919677734,0.5777554334296534,1.5866279602050781,0.9600858669728041,0.4262256622314453,3.3243420999497175,1.4777946472167969,5.322472254435222,0,0.4389784381714762
